id	input_cp	input_utf8	default_status	default_cp	default_utf8	turkic_status	turkic_cp	turkic_utf8	source_start	source_end	default_scalars	default_bytes	max_term_scalars	max_term_bytes	expected
g01	U+0041	41	C	U+0061	61	C	U+0061	61	0	1	1	1	512	1024	ACCEPT
g02	U+0061	61	unchanged	U+0061	61	unchanged	U+0061	61	0	1	1	1	512	1024	ACCEPT
g03	U+00DF	C3 9F	F	U+0073 U+0073	73 73	F	U+0073 U+0073	73 73	0	2	2	2	512	1024	ACCEPT
g04	U+1E9E	E1 BA 9E	F	U+0073 U+0073	73 73	F	U+0073 U+0073	73 73	0	3	2	2	512	1024	ACCEPT
g05	U+03A3	CE A3	C	U+03C3	CF 83	C	U+03C3	CF 83	0	2	1	2	512	1024	ACCEPT
g06	U+03C3	CF 83	unchanged	U+03C3	CF 83	unchanged	U+03C3	CF 83	0	2	1	2	512	1024	ACCEPT
g07	U+03C2	CF 82	C	U+03C3	CF 83	C	U+03C3	CF 83	0	2	1	2	512	1024	ACCEPT
g08	U+0049	49	C	U+0069	69	T	U+0131	C4 B1	0	1	1	1	512	1024	ACCEPT
g09	U+0130	C4 B0	F	U+0069 U+0307	69 CC 87	T	U+0069	69	0	2	2	3	512	1024	ACCEPT
g10	U+0131	C4 B1	unchanged	U+0131	C4 B1	unchanged	U+0131	C4 B1	0	2	1	2	512	1024	ACCEPT
g11	U+0069	69	unchanged	U+0069	69	unchanged	U+0069	69	0	1	1	1	512	1024	ACCEPT
g12	U+0307	CC 87	unchanged	U+0307	CC 87	unchanged	U+0307	CC 87	0	2	1	2	512	1024	ACCEPT
g13	U+0308	CC 88	unchanged	U+0308	CC 88	unchanged	U+0308	CC 88	0	2	1	2	512	1024	ACCEPT
g14	U+0301	CC 81	unchanged	U+0301	CC 81	unchanged	U+0301	CC 81	0	2	1	2	512	1024	ACCEPT
g15	U+0342	CD 82	unchanged	U+0342	CD 82	unchanged	U+0342	CD 82	0	2	1	2	512	1024	ACCEPT
g16	U+0958	E0 A5 98	unchanged	U+0958	E0 A5 98	unchanged	U+0958	E0 A5 98	0	3	1	3	512	1024	ACCEPT
g17	U+25B6	E2 96 B6	unchanged	U+25B6	E2 96 B6	unchanged	U+25B6	E2 96 B6	0	3	1	3	512	1024	ACCEPT
g18	U+00C0	C3 80	C	U+00E0	C3 A0	C	U+00E0	C3 A0	0	2	1	2	512	1024	ACCEPT
g19	U+0041 U+0300	41 CC 80	C,unchanged	U+0061 U+0300	61 CC 80	C,unchanged	U+0061 U+0300	61 CC 80	0	3	2	3	512	1024	ACCEPT
g20	U+0061 U+0300	61 CC 80	unchanged,unchanged	U+0061 U+0300	61 CC 80	unchanged,unchanged	U+0061 U+0300	61 CC 80	0	3	2	3	512	1024	ACCEPT
g21	U+0055 U+0308	55 CC 88	C,unchanged	U+0075 U+0308	75 CC 88	C,unchanged	U+0075 U+0308	75 CC 88	0	3	2	3	512	1024	ACCEPT
g22	U+1E96	E1 BA 96	F	U+0068 U+0331	68 CC B1	F	U+0068 U+0331	68 CC B1	0	3	2	3	512	1024	ACCEPT
g23	U+1FB7	E1 BE B7	F	U+03B1 U+0342 U+03B9	CE B1 CD 82 CE B9	F	U+03B1 U+0342 U+03B9	CE B1 CD 82 CE B9	0	3	3	6	512	1024	ACCEPT
g24	U+1FD3	E1 BF 93	F	U+03B9 U+0308 U+0301	CE B9 CC 88 CC 81	F	U+03B9 U+0308 U+0301	CE B9 CC 88 CC 81	0	3	3	6	512	1024	ACCEPT
g25	U+FB03	EF AC 83	F	U+0066 U+0066 U+0069	66 66 69	F	U+0066 U+0066 U+0069	66 66 69	0	3	3	3	512	1024	ACCEPT
g26	U+0390	CE 90	F	U+03B9 U+0308 U+0301	CE B9 CC 88 CC 81	F	U+03B9 U+0308 U+0301	CE B9 CC 88 CC 81	0	2	3	6	512	1024	ACCEPT
g27	U+0587	D6 87	F	U+0565 U+0582	D5 A5 D6 82	F	U+0565 U+0582	D5 A5 D6 82	0	2	2	4	512	1024	ACCEPT
g28	U+1DF95	F0 9D BE 95	F	U+0073 U+0073	73 73	F	U+0073 U+0073	73 73	0	4	2	2	512	1024	ACCEPT
g29	U+10400	F0 90 90 80	C	U+10428	F0 90 90 A8	C	U+10428	F0 90 90 A8	0	4	1	4	512	1024	ACCEPT
g30	U+104B0	F0 90 92 B0	C	U+104D8	F0 90 93 98	C	U+104D8	F0 90 93 98	0	4	1	4	512	1024	ACCEPT
g31	U+1E900	F0 9E A4 80	C	U+1E922	F0 9E A4 A2	C	U+1E922	F0 9E A4 A2	0	4	1	4	512	1024	ACCEPT
g32	U+0049 U+0073 U+0074 U+0061 U+006E U+0062 U+0075 U+006C	49 73 74 61 6E 62 75 6C	C,unchanged,unchanged,unchanged,unchanged,unchanged,unchanged,unchanged	U+0069 U+0073 U+0074 U+0061 U+006E U+0062 U+0075 U+006C	69 73 74 61 6E 62 75 6C	T,unchanged,unchanged,unchanged,unchanged,unchanged,unchanged,unchanged	U+0131 U+0073 U+0074 U+0061 U+006E U+0062 U+0075 U+006C	C4 B1 73 74 61 6E 62 75 6C	0	8	8	8	512	1024	ACCEPT
g33	U+0053 U+0074 U+0072 U+0061 U+00DF U+0065	53 74 72 61 C3 9F 65	C,unchanged,unchanged,unchanged,F,unchanged	U+0073 U+0074 U+0072 U+0061 U+0073 U+0073 U+0065	73 74 72 61 73 73 65	C,unchanged,unchanged,unchanged,F,unchanged	U+0073 U+0074 U+0072 U+0061 U+0073 U+0073 U+0065	73 74 72 61 73 73 65	0	7	7	7	512	1024	ACCEPT
g34	U+FB03 U+0072 U+0065	EF AC 83 72 65	F,unchanged,unchanged	U+0066 U+0066 U+0069 U+0072 U+0065	66 66 69 72 65	F,unchanged,unchanged	U+0066 U+0066 U+0069 U+0072 U+0065	66 66 69 72 65	0	5	5	5	512	1024	ACCEPT
g35									0	0	0	0	512	1024	EMPTY_NO_TERM
g36	U+0430 U+0430 U+0430 U+0430 U+0430 U+0430 U+0430 U+0430 U+0430 U+0430 U+0430 U+0430 U+0430 U+0430 U+0430 U+0430 U+0430 U+0430 U+0430 U+0430 U+0430 U+0430 U+0430 U+0430 U+0430 U+0430 U+0430 U+0430 U+0430 U+0430 U+0430 U+0430 U+0430 U+0430 U+0430 U+0430 U+0430 U+0430 U+0430 U+0430 U+0430 U+0430 U+0430 U+0430 U+0430 U+0430 U+0430 U+0430 U+0430 U+0430 U+0430 U+0430 U+0430 U+0430 U+0430 U+0430 U+0430 U+0430 U+0430 U+0430 U+0430 U+0430 U+0430 U+0430 U+0430 U+0430 U+0430 U+0430 U+0430 U+0430 U+0430 U+0430 U+0430 U+0430 U+0430 U+0430 U+0430 U+0430 U+0430 U+0430 U+0430 U+0430 U+0430 U+0430 U+0430 U+0430 U+0430 U+0430 U+0430 U+0430 U+0430 U+0430 U+0430 U+0430 U+0430 U+0430 U+0430 U+0430 U+0430 U+0430 U+0430 U+0430 U+0430 U+0430 U+0430 U+0430 U+0430 U+0430 U+0430 U+0430 U+0430 U+0430 U+0430 U+0430 U+0430 U+0430 U+0430 U+0430 U+0430 U+0430 U+0430 U+0430 U+0430 U+0430 U+0430 U+0430 U+0430 U+0430 U+0430 U+0430 U+0430 U+0430 U+0430 U+0430 U+0430 U+0430 U+0430 U+0430 U+0430 U+0430 U+0430 U+0430 U+0430 U+0430 U+0430 U+0430 U+0430 U+0430 U+0430 U+0430 U+0430 U+0430 U+0430 U+0430 U+0430 U+0430 U+0430 U+0430 U+0430 U+0430 U+0430 U+0430 U+0430 U+0430 U+0430 U+0430 U+0430 U+0430 U+0430 U+0430 U+0430 U+0430 U+0430 U+0430 U+0430 U+0430 U+0430 U+0430 U+0430 U+0430 U+0430 U+0430 U+0430 U+0430 U+0430 U+0430 U+0430 U+0430 U+0430 U+0430 U+0430 U+0430 U+0430 U+0430 U+0430 U+0430 U+0430 U+0430 U+0430 U+0430 U+0430 U+0430 U+0430 U+0430 U+0430 U+0430 U+0430 U+0430 U+0430 U+0430 U+0430 U+0430 U+0430 U+0430 U+0430 U+0430 U+0430 U+0430 U+0430 U+0430 U+0430 U+0430 U+0430 U+0430 U+0430 U+0430 U+0430 U+0430 U+0430 U+0430 U+0430 U+0430 U+0430 U+0430 U+0430 U+0430 U+0430 U+0430 U+0430 U+0430 U+0430 U+0430 U+0430 U+0430 U+0430 U+0430 U+0430 U+0430 U+0430 U+0430 U+0430 U+0430 U+0430 U+0430 U+0430 U+0430 U+0430 U+0430 U+0430 U+0430 U+0430 U+0430 U+0430 U+0430 U+0430 U+0430 U+0430 U+0430 U+0430 U+0430 U+0430 U+0430 U+0430 U+0430 U+0430 U+0430 U+0430 U+0430 U+0430 U+0430 U+0430 U+0430 U+0430 U+0430 U+0430 U+0430 U+0430 U+0430 U+0430 U+0430 U+0430 U+0430 U+0430 U+0430 U+0430 U+0430 U+0430 U+0430 U+0430 U+0430 U+0430 U+0430 U+0430 U+0430 U+0430 U+0430 U+0430 U+0430 U+0430 U+0430 U+0430 U+0430 U+0430 U+0430 U+0430 U+0430 U+0430 U+0430 U+0430 U+0430 U+0430 U+0430 U+0430 U+0430 U+0430 U+0430 U+0430 U+0430 U+0430 U+0430 U+0430 U+0430 U+0430 U+0430 U+0430 U+0430 U+0430 U+0430 U+0430 U+0430 U+0430 U+0430 U+0430 U+0430 U+0430 U+0430 U+0430 U+0430 U+0430 U+0430 U+0430 U+0430 U+0430 U+0430 U+0430 U+0430 U+0430 U+0430 U+0430 U+0430 U+0430 U+0430 U+0430 U+0430 U+0430 U+0430 U+0430 U+0430 U+0430 U+0430 U+0430 U+0430 U+0430 U+0430 U+0430 U+0430 U+0430 U+0430 U+0430 U+0430 U+0430 U+0430 U+0430 U+0430 U+0430 U+0430 U+0430 U+0430 U+0430 U+0430 U+0430 U+0430 U+0430 U+0430 U+0430 U+0430 U+0430 U+0430 U+0430 U+0430 U+0430 U+0430 U+0430 U+0430 U+0430 U+0430 U+0430 U+0430 U+0430 U+0430 U+0430 U+0430 U+0430 U+0430 U+0430 U+0430 U+0430 U+0430 U+0430 U+0430 U+0430 U+0430 U+0430 U+0430 U+0430 U+0430 U+0430 U+0430 U+0430 U+0430 U+0430 U+0430 U+0430 U+0430 U+0430 U+0430 U+0430 U+0430 U+0430 U+0430 U+0430 U+0430 U+0430 U+0430 U+0430 U+0430 U+0430 U+0430 U+0430 U+0430 U+0430 U+0430 U+0430 U+0430 U+0430 U+0430 U+0430 U+0430 U+0430 U+0430 U+0430 U+0430 U+0430 U+0430 U+0430 U+0430 U+0430 U+0430 U+0430 U+0430 U+0430 U+0430 U+0430 U+0430 U+0430 U+0430 U+0430 U+0430 U+0430 U+0430 U+0430 U+0430 U+0430 U+0430 U+0430 U+0430 U+0430 U+0430 U+0430 U+0430 U+0430 U+0430 U+0430 U+0430 U+0430 U+0430 U+0430 U+0430 U+0430 U+0430 U+0430 U+0430 U+0430 U+0430 U+0430 U+0430 U+0430 U+0430 U+0430 U+0430 U+0430 U+0430	D0 B0 D0 B0 D0 B0 D0 B0 D0 B0 D0 B0 D0 B0 D0 B0 D0 B0 D0 B0 D0 B0 D0 B0 D0 B0 D0 B0 D0 B0 D0 B0 D0 B0 D0 B0 D0 B0 D0 B0 D0 B0 D0 B0 D0 B0 D0 B0 D0 B0 D0 B0 D0 B0 D0 B0 D0 B0 D0 B0 D0 B0 D0 B0 D0 B0 D0 B0 D0 B0 D0 B0 D0 B0 D0 B0 D0 B0 D0 B0 D0 B0 D0 B0 D0 B0 D0 B0 D0 B0 D0 B0 D0 B0 D0 B0 D0 B0 D0 B0 D0 B0 D0 B0 D0 B0 D0 B0 D0 B0 D0 B0 D0 B0 D0 B0 D0 B0 D0 B0 D0 B0 D0 B0 D0 B0 D0 B0 D0 B0 D0 B0 D0 B0 D0 B0 D0 B0 D0 B0 D0 B0 D0 B0 D0 B0 D0 B0 D0 B0 D0 B0 D0 B0 D0 B0 D0 B0 D0 B0 D0 B0 D0 B0 D0 B0 D0 B0 D0 B0 D0 B0 D0 B0 D0 B0 D0 B0 D0 B0 D0 B0 D0 B0 D0 B0 D0 B0 D0 B0 D0 B0 D0 B0 D0 B0 D0 B0 D0 B0 D0 B0 D0 B0 D0 B0 D0 B0 D0 B0 D0 B0 D0 B0 D0 B0 D0 B0 D0 B0 D0 B0 D0 B0 D0 B0 D0 B0 D0 B0 D0 B0 D0 B0 D0 B0 D0 B0 D0 B0 D0 B0 D0 B0 D0 B0 D0 B0 D0 B0 D0 B0 D0 B0 D0 B0 D0 B0 D0 B0 D0 B0 D0 B0 D0 B0 D0 B0 D0 B0 D0 B0 D0 B0 D0 B0 D0 B0 D0 B0 D0 B0 D0 B0 D0 B0 D0 B0 D0 B0 D0 B0 D0 B0 D0 B0 D0 B0 D0 B0 D0 B0 D0 B0 D0 B0 D0 B0 D0 B0 D0 B0 D0 B0 D0 B0 D0 B0 D0 B0 D0 B0 D0 B0 D0 B0 D0 B0 D0 B0 D0 B0 D0 B0 D0 B0 D0 B0 D0 B0 D0 B0 D0 B0 D0 B0 D0 B0 D0 B0 D0 B0 D0 B0 D0 B0 D0 B0 D0 B0 D0 B0 D0 B0 D0 B0 D0 B0 D0 B0 D0 B0 D0 B0 D0 B0 D0 B0 D0 B0 D0 B0 D0 B0 D0 B0 D0 B0 D0 B0 D0 B0 D0 B0 D0 B0 D0 B0 D0 B0 D0 B0 D0 B0 D0 B0 D0 B0 D0 B0 D0 B0 D0 B0 D0 B0 D0 B0 D0 B0 D0 B0 D0 B0 D0 B0 D0 B0 D0 B0 D0 B0 D0 B0 D0 B0 D0 B0 D0 B0 D0 B0 D0 B0 D0 B0 D0 B0 D0 B0 D0 B0 D0 B0 D0 B0 D0 B0 D0 B0 D0 B0 D0 B0 D0 B0 D0 B0 D0 B0 D0 B0 D0 B0 D0 B0 D0 B0 D0 B0 D0 B0 D0 B0 D0 B0 D0 B0 D0 B0 D0 B0 D0 B0 D0 B0 D0 B0 D0 B0 D0 B0 D0 B0 D0 B0 D0 B0 D0 B0 D0 B0 D0 B0 D0 B0 D0 B0 D0 B0 D0 B0 D0 B0 D0 B0 D0 B0 D0 B0 D0 B0 D0 B0 D0 B0 D0 B0 D0 B0 D0 B0 D0 B0 D0 B0 D0 B0 D0 B0 D0 B0 D0 B0 D0 B0 D0 B0 D0 B0 D0 B0 D0 B0 D0 B0 D0 B0 D0 B0 D0 B0 D0 B0 D0 B0 D0 B0 D0 B0 D0 B0 D0 B0 D0 B0 D0 B0 D0 B0 D0 B0 D0 B0 D0 B0 D0 B0 D0 B0 D0 B0 D0 B0 D0 B0 D0 B0 D0 B0 D0 B0 D0 B0 D0 B0 D0 B0 D0 B0 D0 B0 D0 B0 D0 B0 D0 B0 D0 B0 D0 B0 D0 B0 D0 B0 D0 B0 D0 B0 D0 B0 D0 B0 D0 B0 D0 B0 D0 B0 D0 B0 D0 B0 D0 B0 D0 B0 D0 B0 D0 B0 D0 B0 D0 B0 D0 B0 D0 B0 D0 B0 D0 B0 D0 B0 D0 B0 D0 B0 D0 B0 D0 B0 D0 B0 D0 B0 D0 B0 D0 B0 D0 B0 D0 B0 D0 B0 D0 B0 D0 B0 D0 B0 D0 B0 D0 B0 D0 B0 D0 B0 D0 B0 D0 B0 D0 B0 D0 B0 D0 B0 D0 B0 D0 B0 D0 B0 D0 B0 D0 B0 D0 B0 D0 B0 D0 B0 D0 B0 D0 B0 D0 B0 D0 B0 D0 B0 D0 B0 D0 B0 D0 B0 D0 B0 D0 B0 D0 B0 D0 B0 D0 B0 D0 B0 D0 B0 D0 B0 D0 B0 D0 B0 D0 B0 D0 B0 D0 B0 D0 B0 D0 B0 D0 B0 D0 B0 D0 B0 D0 B0 D0 B0 D0 B0 D0 B0 D0 B0 D0 B0 D0 B0 D0 B0 D0 B0 D0 B0 D0 B0 D0 B0 D0 B0 D0 B0 D0 B0 D0 B0 D0 B0 D0 B0 D0 B0 D0 B0 D0 B0 D0 B0 D0 B0 D0 B0 D0 B0 D0 B0 D0 B0 D0 B0 D0 B0 D0 B0 D0 B0 D0 B0 D0 B0 D0 B0 D0 B0 D0 B0 D0 B0 D0 B0 D0 B0 D0 B0 D0 B0 D0 B0 D0 B0 D0 B0 D0 B0 D0 B0 D0 B0 D0 B0 D0 B0 D0 B0 D0 B0 D0 B0 D0 B0 D0 B0 D0 B0 D0 B0 D0 B0 D0 B0 D0 B0 D0 B0 D0 B0 D0 B0 D0 B0 D0 B0 D0 B0 D0 B0 D0 B0 D0 B0 D0 B0 D0 B0 D0 B0 D0 B0 D0 B0 D0 B0 D0 B0 D0 B0 D0 B0 D0 B0 D0 B0 D0 B0 D0 B0 D0 B0 D0 B0 D0 B0 D0 B0 D0 B0 D0 B0 D0 B0 D0 B0 D0 B0 D0 B0 D0 B0 D0 B0 D0 B0 D0 B0 D0 B0 D0 B0 D0 B0 D0 B0 D0 B0 D0 B0 D0 B0 D0 B0 D0 B0 D0 B0 D0 B0 D0 B0 D0 B0 D0 B0 D0 B0 D0 B0 D0 B0 D0 B0 D0 B0 D0 B0 D0 B0 D0 B0	unchanged,unchanged,unchanged,unchanged,unchanged,unchanged,unchanged,unchanged,unchanged,unchanged,unchanged,unchanged,unchanged,unchanged,unchanged,unchanged,unchanged,unchanged,unchanged,unchanged,unchanged,unchanged,unchanged,unchanged,unchanged,unchanged,unchanged,unchanged,unchanged,unchanged,unchanged,unchanged,unchanged,unchanged,unchanged,unchanged,unchanged,unchanged,unchanged,unchanged,unchanged,unchanged,unchanged,unchanged,unchanged,unchanged,unchanged,unchanged,unchanged,unchanged,unchanged,unchanged,unchanged,unchanged,unchanged,unchanged,unchanged,unchanged,unchanged,unchanged,unchanged,unchanged,unchanged,unchanged,unchanged,unchanged,unchanged,unchanged,unchanged,unchanged,unchanged,unchanged,unchanged,unchanged,unchanged,unchanged,unchanged,unchanged,unchanged,unchanged,unchanged,unchanged,unchanged,unchanged,unchanged,unchanged,unchanged,unchanged,unchanged,unchanged,unchanged,unchanged,unchanged,unchanged,unchanged,unchanged,unchanged,unchanged,unchanged,unchanged,unchanged,unchanged,unchanged,unchanged,unchanged,unchanged,unchanged,unchanged,unchanged,unchanged,unchanged,unchanged,unchanged,unchanged,unchanged,unchanged,unchanged,unchanged,unchanged,unchanged,unchanged,unchanged,unchanged,unchanged,unchanged,unchanged,unchanged,unchanged,unchanged,unchanged,unchanged,unchanged,unchanged,unchanged,unchanged,unchanged,unchanged,unchanged,unchanged,unchanged,unchanged,unchanged,unchanged,unchanged,unchanged,unchanged,unchanged,unchanged,unchanged,unchanged,unchanged,unchanged,unchanged,unchanged,unchanged,unchanged,unchanged,unchanged,unchanged,unchanged,unchanged,unchanged,unchanged,unchanged,unchanged,unchanged,unchanged,unchanged,unchanged,unchanged,unchanged,unchanged,unchanged,unchanged,unchanged,unchanged,unchanged,unchanged,unchanged,unchanged,unchanged,unchanged,unchanged,unchanged,unchanged,unchanged,unchanged,unchanged,unchanged,unchanged,unchanged,unchanged,unchanged,unchanged,unchanged,unchanged,unchanged,unchanged,unchanged,unchanged,unchanged,unchanged,unchanged,unchanged,unchanged,unchanged,unchanged,unchanged,unchanged,unchanged,unchanged,unchanged,unchanged,unchanged,unchanged,unchanged,unchanged,unchanged,unchanged,unchanged,unchanged,unchanged,unchanged,unchanged,unchanged,unchanged,unchanged,unchanged,unchanged,unchanged,unchanged,unchanged,unchanged,unchanged,unchanged,unchanged,unchanged,unchanged,unchanged,unchanged,unchanged,unchanged,unchanged,unchanged,unchanged,unchanged,unchanged,unchanged,unchanged,unchanged,unchanged,unchanged,unchanged,unchanged,unchanged,unchanged,unchanged,unchanged,unchanged,unchanged,unchanged,unchanged,unchanged,unchanged,unchanged,unchanged,unchanged,unchanged,unchanged,unchanged,unchanged,unchanged,unchanged,unchanged,unchanged,unchanged,unchanged,unchanged,unchanged,unchanged,unchanged,unchanged,unchanged,unchanged,unchanged,unchanged,unchanged,unchanged,unchanged,unchanged,unchanged,unchanged,unchanged,unchanged,unchanged,unchanged,unchanged,unchanged,unchanged,unchanged,unchanged,unchanged,unchanged,unchanged,unchanged,unchanged,unchanged,unchanged,unchanged,unchanged,unchanged,unchanged,unchanged,unchanged,unchanged,unchanged,unchanged,unchanged,unchanged,unchanged,unchanged,unchanged,unchanged,unchanged,unchanged,unchanged,unchanged,unchanged,unchanged,unchanged,unchanged,unchanged,unchanged,unchanged,unchanged,unchanged,unchanged,unchanged,unchanged,unchanged,unchanged,unchanged,unchanged,unchanged,unchanged,unchanged,unchanged,unchanged,unchanged,unchanged,unchanged,unchanged,unchanged,unchanged,unchanged,unchanged,unchanged,unchanged,unchanged,unchanged,unchanged,unchanged,unchanged,unchanged,unchanged,unchanged,unchanged,unchanged,unchanged,unchanged,unchanged,unchanged,unchanged,unchanged,unchanged,unchanged,unchanged,unchanged,unchanged,unchanged,unchanged,unchanged,unchanged,unchanged,unchanged,unchanged,unchanged,unchanged,unchanged,unchanged,unchanged,unchanged,unchanged,unchanged,unchanged,unchanged,unchanged,unchanged,unchanged,unchanged,unchanged,unchanged,unchanged,unchanged,unchanged,unchanged,unchanged,unchanged,unchanged,unchanged,unchanged,unchanged,unchanged,unchanged,unchanged,unchanged,unchanged,unchanged,unchanged,unchanged,unchanged,unchanged,unchanged,unchanged,unchanged,unchanged,unchanged,unchanged,unchanged,unchanged,unchanged,unchanged,unchanged,unchanged,unchanged,unchanged,unchanged,unchanged,unchanged,unchanged,unchanged,unchanged,unchanged,unchanged,unchanged,unchanged,unchanged,unchanged,unchanged,unchanged,unchanged,unchanged,unchanged,unchanged,unchanged,unchanged,unchanged,unchanged,unchanged,unchanged,unchanged,unchanged,unchanged,unchanged,unchanged,unchanged,unchanged,unchanged,unchanged,unchanged,unchanged,unchanged,unchanged,unchanged,unchanged,unchanged,unchanged,unchanged,unchanged,unchanged,unchanged,unchanged,unchanged,unchanged,unchanged,unchanged,unchanged,unchanged,unchanged,unchanged,unchanged,unchanged,unchanged,unchanged,unchanged,unchanged,unchanged,unchanged,unchanged,unchanged,unchanged,unchanged,unchanged,unchanged,unchanged,unchanged,unchanged,unchanged,unchanged,unchanged,unchanged,unchanged	U+0430 U+0430 U+0430 U+0430 U+0430 U+0430 U+0430 U+0430 U+0430 U+0430 U+0430 U+0430 U+0430 U+0430 U+0430 U+0430 U+0430 U+0430 U+0430 U+0430 U+0430 U+0430 U+0430 U+0430 U+0430 U+0430 U+0430 U+0430 U+0430 U+0430 U+0430 U+0430 U+0430 U+0430 U+0430 U+0430 U+0430 U+0430 U+0430 U+0430 U+0430 U+0430 U+0430 U+0430 U+0430 U+0430 U+0430 U+0430 U+0430 U+0430 U+0430 U+0430 U+0430 U+0430 U+0430 U+0430 U+0430 U+0430 U+0430 U+0430 U+0430 U+0430 U+0430 U+0430 U+0430 U+0430 U+0430 U+0430 U+0430 U+0430 U+0430 U+0430 U+0430 U+0430 U+0430 U+0430 U+0430 U+0430 U+0430 U+0430 U+0430 U+0430 U+0430 U+0430 U+0430 U+0430 U+0430 U+0430 U+0430 U+0430 U+0430 U+0430 U+0430 U+0430 U+0430 U+0430 U+0430 U+0430 U+0430 U+0430 U+0430 U+0430 U+0430 U+0430 U+0430 U+0430 U+0430 U+0430 U+0430 U+0430 U+0430 U+0430 U+0430 U+0430 U+0430 U+0430 U+0430 U+0430 U+0430 U+0430 U+0430 U+0430 U+0430 U+0430 U+0430 U+0430 U+0430 U+0430 U+0430 U+0430 U+0430 U+0430 U+0430 U+0430 U+0430 U+0430 U+0430 U+0430 U+0430 U+0430 U+0430 U+0430 U+0430 U+0430 U+0430 U+0430 U+0430 U+0430 U+0430 U+0430 U+0430 U+0430 U+0430 U+0430 U+0430 U+0430 U+0430 U+0430 U+0430 U+0430 U+0430 U+0430 U+0430 U+0430 U+0430 U+0430 U+0430 U+0430 U+0430 U+0430 U+0430 U+0430 U+0430 U+0430 U+0430 U+0430 U+0430 U+0430 U+0430 U+0430 U+0430 U+0430 U+0430 U+0430 U+0430 U+0430 U+0430 U+0430 U+0430 U+0430 U+0430 U+0430 U+0430 U+0430 U+0430 U+0430 U+0430 U+0430 U+0430 U+0430 U+0430 U+0430 U+0430 U+0430 U+0430 U+0430 U+0430 U+0430 U+0430 U+0430 U+0430 U+0430 U+0430 U+0430 U+0430 U+0430 U+0430 U+0430 U+0430 U+0430 U+0430 U+0430 U+0430 U+0430 U+0430 U+0430 U+0430 U+0430 U+0430 U+0430 U+0430 U+0430 U+0430 U+0430 U+0430 U+0430 U+0430 U+0430 U+0430 U+0430 U+0430 U+0430 U+0430 U+0430 U+0430 U+0430 U+0430 U+0430 U+0430 U+0430 U+0430 U+0430 U+0430 U+0430 U+0430 U+0430 U+0430 U+0430 U+0430 U+0430 U+0430 U+0430 U+0430 U+0430 U+0430 U+0430 U+0430 U+0430 U+0430 U+0430 U+0430 U+0430 U+0430 U+0430 U+0430 U+0430 U+0430 U+0430 U+0430 U+0430 U+0430 U+0430 U+0430 U+0430 U+0430 U+0430 U+0430 U+0430 U+0430 U+0430 U+0430 U+0430 U+0430 U+0430 U+0430 U+0430 U+0430 U+0430 U+0430 U+0430 U+0430 U+0430 U+0430 U+0430 U+0430 U+0430 U+0430 U+0430 U+0430 U+0430 U+0430 U+0430 U+0430 U+0430 U+0430 U+0430 U+0430 U+0430 U+0430 U+0430 U+0430 U+0430 U+0430 U+0430 U+0430 U+0430 U+0430 U+0430 U+0430 U+0430 U+0430 U+0430 U+0430 U+0430 U+0430 U+0430 U+0430 U+0430 U+0430 U+0430 U+0430 U+0430 U+0430 U+0430 U+0430 U+0430 U+0430 U+0430 U+0430 U+0430 U+0430 U+0430 U+0430 U+0430 U+0430 U+0430 U+0430 U+0430 U+0430 U+0430 U+0430 U+0430 U+0430 U+0430 U+0430 U+0430 U+0430 U+0430 U+0430 U+0430 U+0430 U+0430 U+0430 U+0430 U+0430 U+0430 U+0430 U+0430 U+0430 U+0430 U+0430 U+0430 U+0430 U+0430 U+0430 U+0430 U+0430 U+0430 U+0430 U+0430 U+0430 U+0430 U+0430 U+0430 U+0430 U+0430 U+0430 U+0430 U+0430 U+0430 U+0430 U+0430 U+0430 U+0430 U+0430 U+0430 U+0430 U+0430 U+0430 U+0430 U+0430 U+0430 U+0430 U+0430 U+0430 U+0430 U+0430 U+0430 U+0430 U+0430 U+0430 U+0430 U+0430 U+0430 U+0430 U+0430 U+0430 U+0430 U+0430 U+0430 U+0430 U+0430 U+0430 U+0430 U+0430 U+0430 U+0430 U+0430 U+0430 U+0430 U+0430 U+0430 U+0430 U+0430 U+0430 U+0430 U+0430 U+0430 U+0430 U+0430 U+0430 U+0430 U+0430 U+0430 U+0430 U+0430 U+0430 U+0430 U+0430 U+0430 U+0430 U+0430 U+0430 U+0430 U+0430 U+0430 U+0430 U+0430 U+0430 U+0430 U+0430 U+0430 U+0430 U+0430 U+0430 U+0430 U+0430 U+0430 U+0430 U+0430 U+0430 U+0430 U+0430 U+0430 U+0430 U+0430 U+0430 U+0430 U+0430 U+0430 U+0430 U+0430 U+0430 U+0430 U+0430 U+0430 U+0430 U+0430 U+0430 U+0430 U+0430 U+0430 U+0430 U+0430 U+0430 U+0430 U+0430 U+0430 U+0430 U+0430 U+0430 U+0430	D0 B0 D0 B0 D0 B0 D0 B0 D0 B0 D0 B0 D0 B0 D0 B0 D0 B0 D0 B0 D0 B0 D0 B0 D0 B0 D0 B0 D0 B0 D0 B0 D0 B0 D0 B0 D0 B0 D0 B0 D0 B0 D0 B0 D0 B0 D0 B0 D0 B0 D0 B0 D0 B0 D0 B0 D0 B0 D0 B0 D0 B0 D0 B0 D0 B0 D0 B0 D0 B0 D0 B0 D0 B0 D0 B0 D0 B0 D0 B0 D0 B0 D0 B0 D0 B0 D0 B0 D0 B0 D0 B0 D0 B0 D0 B0 D0 B0 D0 B0 D0 B0 D0 B0 D0 B0 D0 B0 D0 B0 D0 B0 D0 B0 D0 B0 D0 B0 D0 B0 D0 B0 D0 B0 D0 B0 D0 B0 D0 B0 D0 B0 D0 B0 D0 B0 D0 B0 D0 B0 D0 B0 D0 B0 D0 B0 D0 B0 D0 B0 D0 B0 D0 B0 D0 B0 D0 B0 D0 B0 D0 B0 D0 B0 D0 B0 D0 B0 D0 B0 D0 B0 D0 B0 D0 B0 D0 B0 D0 B0 D0 B0 D0 B0 D0 B0 D0 B0 D0 B0 D0 B0 D0 B0 D0 B0 D0 B0 D0 B0 D0 B0 D0 B0 D0 B0 D0 B0 D0 B0 D0 B0 D0 B0 D0 B0 D0 B0 D0 B0 D0 B0 D0 B0 D0 B0 D0 B0 D0 B0 D0 B0 D0 B0 D0 B0 D0 B0 D0 B0 D0 B0 D0 B0 D0 B0 D0 B0 D0 B0 D0 B0 D0 B0 D0 B0 D0 B0 D0 B0 D0 B0 D0 B0 D0 B0 D0 B0 D0 B0 D0 B0 D0 B0 D0 B0 D0 B0 D0 B0 D0 B0 D0 B0 D0 B0 D0 B0 D0 B0 D0 B0 D0 B0 D0 B0 D0 B0 D0 B0 D0 B0 D0 B0 D0 B0 D0 B0 D0 B0 D0 B0 D0 B0 D0 B0 D0 B0 D0 B0 D0 B0 D0 B0 D0 B0 D0 B0 D0 B0 D0 B0 D0 B0 D0 B0 D0 B0 D0 B0 D0 B0 D0 B0 D0 B0 D0 B0 D0 B0 D0 B0 D0 B0 D0 B0 D0 B0 D0 B0 D0 B0 D0 B0 D0 B0 D0 B0 D0 B0 D0 B0 D0 B0 D0 B0 D0 B0 D0 B0 D0 B0 D0 B0 D0 B0 D0 B0 D0 B0 D0 B0 D0 B0 D0 B0 D0 B0 D0 B0 D0 B0 D0 B0 D0 B0 D0 B0 D0 B0 D0 B0 D0 B0 D0 B0 D0 B0 D0 B0 D0 B0 D0 B0 D0 B0 D0 B0 D0 B0 D0 B0 D0 B0 D0 B0 D0 B0 D0 B0 D0 B0 D0 B0 D0 B0 D0 B0 D0 B0 D0 B0 D0 B0 D0 B0 D0 B0 D0 B0 D0 B0 D0 B0 D0 B0 D0 B0 D0 B0 D0 B0 D0 B0 D0 B0 D0 B0 D0 B0 D0 B0 D0 B0 D0 B0 D0 B0 D0 B0 D0 B0 D0 B0 D0 B0 D0 B0 D0 B0 D0 B0 D0 B0 D0 B0 D0 B0 D0 B0 D0 B0 D0 B0 D0 B0 D0 B0 D0 B0 D0 B0 D0 B0 D0 B0 D0 B0 D0 B0 D0 B0 D0 B0 D0 B0 D0 B0 D0 B0 D0 B0 D0 B0 D0 B0 D0 B0 D0 B0 D0 B0 D0 B0 D0 B0 D0 B0 D0 B0 D0 B0 D0 B0 D0 B0 D0 B0 D0 B0 D0 B0 D0 B0 D0 B0 D0 B0 D0 B0 D0 B0 D0 B0 D0 B0 D0 B0 D0 B0 D0 B0 D0 B0 D0 B0 D0 B0 D0 B0 D0 B0 D0 B0 D0 B0 D0 B0 D0 B0 D0 B0 D0 B0 D0 B0 D0 B0 D0 B0 D0 B0 D0 B0 D0 B0 D0 B0 D0 B0 D0 B0 D0 B0 D0 B0 D0 B0 D0 B0 D0 B0 D0 B0 D0 B0 D0 B0 D0 B0 D0 B0 D0 B0 D0 B0 D0 B0 D0 B0 D0 B0 D0 B0 D0 B0 D0 B0 D0 B0 D0 B0 D0 B0 D0 B0 D0 B0 D0 B0 D0 B0 D0 B0 D0 B0 D0 B0 D0 B0 D0 B0 D0 B0 D0 B0 D0 B0 D0 B0 D0 B0 D0 B0 D0 B0 D0 B0 D0 B0 D0 B0 D0 B0 D0 B0 D0 B0 D0 B0 D0 B0 D0 B0 D0 B0 D0 B0 D0 B0 D0 B0 D0 B0 D0 B0 D0 B0 D0 B0 D0 B0 D0 B0 D0 B0 D0 B0 D0 B0 D0 B0 D0 B0 D0 B0 D0 B0 D0 B0 D0 B0 D0 B0 D0 B0 D0 B0 D0 B0 D0 B0 D0 B0 D0 B0 D0 B0 D0 B0 D0 B0 D0 B0 D0 B0 D0 B0 D0 B0 D0 B0 D0 B0 D0 B0 D0 B0 D0 B0 D0 B0 D0 B0 D0 B0 D0 B0 D0 B0 D0 B0 D0 B0 D0 B0 D0 B0 D0 B0 D0 B0 D0 B0 D0 B0 D0 B0 D0 B0 D0 B0 D0 B0 D0 B0 D0 B0 D0 B0 D0 B0 D0 B0 D0 B0 D0 B0 D0 B0 D0 B0 D0 B0 D0 B0 D0 B0 D0 B0 D0 B0 D0 B0 D0 B0 D0 B0 D0 B0 D0 B0 D0 B0 D0 B0 D0 B0 D0 B0 D0 B0 D0 B0 D0 B0 D0 B0 D0 B0 D0 B0 D0 B0 D0 B0 D0 B0 D0 B0 D0 B0 D0 B0 D0 B0 D0 B0 D0 B0 D0 B0 D0 B0 D0 B0 D0 B0 D0 B0 D0 B0 D0 B0 D0 B0 D0 B0 D0 B0 D0 B0 D0 B0 D0 B0 D0 B0 D0 B0 D0 B0 D0 B0 D0 B0 D0 B0 D0 B0 D0 B0 D0 B0 D0 B0 D0 B0 D0 B0 D0 B0 D0 B0 D0 B0 D0 B0 D0 B0 D0 B0 D0 B0 D0 B0 D0 B0 D0 B0 D0 B0 D0 B0 D0 B0 D0 B0 D0 B0 D0 B0 D0 B0 D0 B0 D0 B0 D0 B0 D0 B0 D0 B0 D0 B0 D0 B0 D0 B0 D0 B0 D0 B0 D0 B0 D0 B0 D0 B0 D0 B0 D0 B0	unchanged,unchanged,unchanged,unchanged,unchanged,unchanged,unchanged,unchanged,unchanged,unchanged,unchanged,unchanged,unchanged,unchanged,unchanged,unchanged,unchanged,unchanged,unchanged,unchanged,unchanged,unchanged,unchanged,unchanged,unchanged,unchanged,unchanged,unchanged,unchanged,unchanged,unchanged,unchanged,unchanged,unchanged,unchanged,unchanged,unchanged,unchanged,unchanged,unchanged,unchanged,unchanged,unchanged,unchanged,unchanged,unchanged,unchanged,unchanged,unchanged,unchanged,unchanged,unchanged,unchanged,unchanged,unchanged,unchanged,unchanged,unchanged,unchanged,unchanged,unchanged,unchanged,unchanged,unchanged,unchanged,unchanged,unchanged,unchanged,unchanged,unchanged,unchanged,unchanged,unchanged,unchanged,unchanged,unchanged,unchanged,unchanged,unchanged,unchanged,unchanged,unchanged,unchanged,unchanged,unchanged,unchanged,unchanged,unchanged,unchanged,unchanged,unchanged,unchanged,unchanged,unchanged,unchanged,unchanged,unchanged,unchanged,unchanged,unchanged,unchanged,unchanged,unchanged,unchanged,unchanged,unchanged,unchanged,unchanged,unchanged,unchanged,unchanged,unchanged,unchanged,unchanged,unchanged,unchanged,unchanged,unchanged,unchanged,unchanged,unchanged,unchanged,unchanged,unchanged,unchanged,unchanged,unchanged,unchanged,unchanged,unchanged,unchanged,unchanged,unchanged,unchanged,unchanged,unchanged,unchanged,unchanged,unchanged,unchanged,unchanged,unchanged,unchanged,unchanged,unchanged,unchanged,unchanged,unchanged,unchanged,unchanged,unchanged,unchanged,unchanged,unchanged,unchanged,unchanged,unchanged,unchanged,unchanged,unchanged,unchanged,unchanged,unchanged,unchanged,unchanged,unchanged,unchanged,unchanged,unchanged,unchanged,unchanged,unchanged,unchanged,unchanged,unchanged,unchanged,unchanged,unchanged,unchanged,unchanged,unchanged,unchanged,unchanged,unchanged,unchanged,unchanged,unchanged,unchanged,unchanged,unchanged,unchanged,unchanged,unchanged,unchanged,unchanged,unchanged,unchanged,unchanged,unchanged,unchanged,unchanged,unchanged,unchanged,unchanged,unchanged,unchanged,unchanged,unchanged,unchanged,unchanged,unchanged,unchanged,unchanged,unchanged,unchanged,unchanged,unchanged,unchanged,unchanged,unchanged,unchanged,unchanged,unchanged,unchanged,unchanged,unchanged,unchanged,unchanged,unchanged,unchanged,unchanged,unchanged,unchanged,unchanged,unchanged,unchanged,unchanged,unchanged,unchanged,unchanged,unchanged,unchanged,unchanged,unchanged,unchanged,unchanged,unchanged,unchanged,unchanged,unchanged,unchanged,unchanged,unchanged,unchanged,unchanged,unchanged,unchanged,unchanged,unchanged,unchanged,unchanged,unchanged,unchanged,unchanged,unchanged,unchanged,unchanged,unchanged,unchanged,unchanged,unchanged,unchanged,unchanged,unchanged,unchanged,unchanged,unchanged,unchanged,unchanged,unchanged,unchanged,unchanged,unchanged,unchanged,unchanged,unchanged,unchanged,unchanged,unchanged,unchanged,unchanged,unchanged,unchanged,unchanged,unchanged,unchanged,unchanged,unchanged,unchanged,unchanged,unchanged,unchanged,unchanged,unchanged,unchanged,unchanged,unchanged,unchanged,unchanged,unchanged,unchanged,unchanged,unchanged,unchanged,unchanged,unchanged,unchanged,unchanged,unchanged,unchanged,unchanged,unchanged,unchanged,unchanged,unchanged,unchanged,unchanged,unchanged,unchanged,unchanged,unchanged,unchanged,unchanged,unchanged,unchanged,unchanged,unchanged,unchanged,unchanged,unchanged,unchanged,unchanged,unchanged,unchanged,unchanged,unchanged,unchanged,unchanged,unchanged,unchanged,unchanged,unchanged,unchanged,unchanged,unchanged,unchanged,unchanged,unchanged,unchanged,unchanged,unchanged,unchanged,unchanged,unchanged,unchanged,unchanged,unchanged,unchanged,unchanged,unchanged,unchanged,unchanged,unchanged,unchanged,unchanged,unchanged,unchanged,unchanged,unchanged,unchanged,unchanged,unchanged,unchanged,unchanged,unchanged,unchanged,unchanged,unchanged,unchanged,unchanged,unchanged,unchanged,unchanged,unchanged,unchanged,unchanged,unchanged,unchanged,unchanged,unchanged,unchanged,unchanged,unchanged,unchanged,unchanged,unchanged,unchanged,unchanged,unchanged,unchanged,unchanged,unchanged,unchanged,unchanged,unchanged,unchanged,unchanged,unchanged,unchanged,unchanged,unchanged,unchanged,unchanged,unchanged,unchanged,unchanged,unchanged,unchanged,unchanged,unchanged,unchanged,unchanged,unchanged,unchanged,unchanged,unchanged,unchanged,unchanged,unchanged,unchanged,unchanged,unchanged,unchanged,unchanged,unchanged,unchanged,unchanged,unchanged,unchanged,unchanged,unchanged,unchanged,unchanged,unchanged,unchanged,unchanged,unchanged,unchanged,unchanged,unchanged,unchanged,unchanged,unchanged,unchanged,unchanged,unchanged,unchanged,unchanged,unchanged,unchanged,unchanged,unchanged,unchanged,unchanged,unchanged,unchanged,unchanged,unchanged,unchanged,unchanged,unchanged,unchanged,unchanged,unchanged,unchanged,unchanged,unchanged,unchanged,unchanged,unchanged,unchanged,unchanged,unchanged,unchanged,unchanged,unchanged,unchanged,unchanged,unchanged,unchanged,unchanged,unchanged,unchanged,unchanged,unchanged,unchanged,unchanged,unchanged,unchanged,unchanged,unchanged,unchanged	U+0430 U+0430 U+0430 U+0430 U+0430 U+0430 U+0430 U+0430 U+0430 U+0430 U+0430 U+0430 U+0430 U+0430 U+0430 U+0430 U+0430 U+0430 U+0430 U+0430 U+0430 U+0430 U+0430 U+0430 U+0430 U+0430 U+0430 U+0430 U+0430 U+0430 U+0430 U+0430 U+0430 U+0430 U+0430 U+0430 U+0430 U+0430 U+0430 U+0430 U+0430 U+0430 U+0430 U+0430 U+0430 U+0430 U+0430 U+0430 U+0430 U+0430 U+0430 U+0430 U+0430 U+0430 U+0430 U+0430 U+0430 U+0430 U+0430 U+0430 U+0430 U+0430 U+0430 U+0430 U+0430 U+0430 U+0430 U+0430 U+0430 U+0430 U+0430 U+0430 U+0430 U+0430 U+0430 U+0430 U+0430 U+0430 U+0430 U+0430 U+0430 U+0430 U+0430 U+0430 U+0430 U+0430 U+0430 U+0430 U+0430 U+0430 U+0430 U+0430 U+0430 U+0430 U+0430 U+0430 U+0430 U+0430 U+0430 U+0430 U+0430 U+0430 U+0430 U+0430 U+0430 U+0430 U+0430 U+0430 U+0430 U+0430 U+0430 U+0430 U+0430 U+0430 U+0430 U+0430 U+0430 U+0430 U+0430 U+0430 U+0430 U+0430 U+0430 U+0430 U+0430 U+0430 U+0430 U+0430 U+0430 U+0430 U+0430 U+0430 U+0430 U+0430 U+0430 U+0430 U+0430 U+0430 U+0430 U+0430 U+0430 U+0430 U+0430 U+0430 U+0430 U+0430 U+0430 U+0430 U+0430 U+0430 U+0430 U+0430 U+0430 U+0430 U+0430 U+0430 U+0430 U+0430 U+0430 U+0430 U+0430 U+0430 U+0430 U+0430 U+0430 U+0430 U+0430 U+0430 U+0430 U+0430 U+0430 U+0430 U+0430 U+0430 U+0430 U+0430 U+0430 U+0430 U+0430 U+0430 U+0430 U+0430 U+0430 U+0430 U+0430 U+0430 U+0430 U+0430 U+0430 U+0430 U+0430 U+0430 U+0430 U+0430 U+0430 U+0430 U+0430 U+0430 U+0430 U+0430 U+0430 U+0430 U+0430 U+0430 U+0430 U+0430 U+0430 U+0430 U+0430 U+0430 U+0430 U+0430 U+0430 U+0430 U+0430 U+0430 U+0430 U+0430 U+0430 U+0430 U+0430 U+0430 U+0430 U+0430 U+0430 U+0430 U+0430 U+0430 U+0430 U+0430 U+0430 U+0430 U+0430 U+0430 U+0430 U+0430 U+0430 U+0430 U+0430 U+0430 U+0430 U+0430 U+0430 U+0430 U+0430 U+0430 U+0430 U+0430 U+0430 U+0430 U+0430 U+0430 U+0430 U+0430 U+0430 U+0430 U+0430 U+0430 U+0430 U+0430 U+0430 U+0430 U+0430 U+0430 U+0430 U+0430 U+0430 U+0430 U+0430 U+0430 U+0430 U+0430 U+0430 U+0430 U+0430 U+0430 U+0430 U+0430 U+0430 U+0430 U+0430 U+0430 U+0430 U+0430 U+0430 U+0430 U+0430 U+0430 U+0430 U+0430 U+0430 U+0430 U+0430 U+0430 U+0430 U+0430 U+0430 U+0430 U+0430 U+0430 U+0430 U+0430 U+0430 U+0430 U+0430 U+0430 U+0430 U+0430 U+0430 U+0430 U+0430 U+0430 U+0430 U+0430 U+0430 U+0430 U+0430 U+0430 U+0430 U+0430 U+0430 U+0430 U+0430 U+0430 U+0430 U+0430 U+0430 U+0430 U+0430 U+0430 U+0430 U+0430 U+0430 U+0430 U+0430 U+0430 U+0430 U+0430 U+0430 U+0430 U+0430 U+0430 U+0430 U+0430 U+0430 U+0430 U+0430 U+0430 U+0430 U+0430 U+0430 U+0430 U+0430 U+0430 U+0430 U+0430 U+0430 U+0430 U+0430 U+0430 U+0430 U+0430 U+0430 U+0430 U+0430 U+0430 U+0430 U+0430 U+0430 U+0430 U+0430 U+0430 U+0430 U+0430 U+0430 U+0430 U+0430 U+0430 U+0430 U+0430 U+0430 U+0430 U+0430 U+0430 U+0430 U+0430 U+0430 U+0430 U+0430 U+0430 U+0430 U+0430 U+0430 U+0430 U+0430 U+0430 U+0430 U+0430 U+0430 U+0430 U+0430 U+0430 U+0430 U+0430 U+0430 U+0430 U+0430 U+0430 U+0430 U+0430 U+0430 U+0430 U+0430 U+0430 U+0430 U+0430 U+0430 U+0430 U+0430 U+0430 U+0430 U+0430 U+0430 U+0430 U+0430 U+0430 U+0430 U+0430 U+0430 U+0430 U+0430 U+0430 U+0430 U+0430 U+0430 U+0430 U+0430 U+0430 U+0430 U+0430 U+0430 U+0430 U+0430 U+0430 U+0430 U+0430 U+0430 U+0430 U+0430 U+0430 U+0430 U+0430 U+0430 U+0430 U+0430 U+0430 U+0430 U+0430 U+0430 U+0430 U+0430 U+0430 U+0430 U+0430 U+0430 U+0430 U+0430 U+0430 U+0430 U+0430 U+0430 U+0430 U+0430 U+0430 U+0430 U+0430 U+0430 U+0430 U+0430 U+0430 U+0430 U+0430 U+0430 U+0430 U+0430 U+0430 U+0430 U+0430 U+0430 U+0430 U+0430 U+0430 U+0430 U+0430 U+0430 U+0430 U+0430 U+0430 U+0430 U+0430 U+0430 U+0430 U+0430 U+0430 U+0430 U+0430 U+0430 U+0430 U+0430 U+0430 U+0430 U+0430	D0 B0 D0 B0 D0 B0 D0 B0 D0 B0 D0 B0 D0 B0 D0 B0 D0 B0 D0 B0 D0 B0 D0 B0 D0 B0 D0 B0 D0 B0 D0 B0 D0 B0 D0 B0 D0 B0 D0 B0 D0 B0 D0 B0 D0 B0 D0 B0 D0 B0 D0 B0 D0 B0 D0 B0 D0 B0 D0 B0 D0 B0 D0 B0 D0 B0 D0 B0 D0 B0 D0 B0 D0 B0 D0 B0 D0 B0 D0 B0 D0 B0 D0 B0 D0 B0 D0 B0 D0 B0 D0 B0 D0 B0 D0 B0 D0 B0 D0 B0 D0 B0 D0 B0 D0 B0 D0 B0 D0 B0 D0 B0 D0 B0 D0 B0 D0 B0 D0 B0 D0 B0 D0 B0 D0 B0 D0 B0 D0 B0 D0 B0 D0 B0 D0 B0 D0 B0 D0 B0 D0 B0 D0 B0 D0 B0 D0 B0 D0 B0 D0 B0 D0 B0 D0 B0 D0 B0 D0 B0 D0 B0 D0 B0 D0 B0 D0 B0 D0 B0 D0 B0 D0 B0 D0 B0 D0 B0 D0 B0 D0 B0 D0 B0 D0 B0 D0 B0 D0 B0 D0 B0 D0 B0 D0 B0 D0 B0 D0 B0 D0 B0 D0 B0 D0 B0 D0 B0 D0 B0 D0 B0 D0 B0 D0 B0 D0 B0 D0 B0 D0 B0 D0 B0 D0 B0 D0 B0 D0 B0 D0 B0 D0 B0 D0 B0 D0 B0 D0 B0 D0 B0 D0 B0 D0 B0 D0 B0 D0 B0 D0 B0 D0 B0 D0 B0 D0 B0 D0 B0 D0 B0 D0 B0 D0 B0 D0 B0 D0 B0 D0 B0 D0 B0 D0 B0 D0 B0 D0 B0 D0 B0 D0 B0 D0 B0 D0 B0 D0 B0 D0 B0 D0 B0 D0 B0 D0 B0 D0 B0 D0 B0 D0 B0 D0 B0 D0 B0 D0 B0 D0 B0 D0 B0 D0 B0 D0 B0 D0 B0 D0 B0 D0 B0 D0 B0 D0 B0 D0 B0 D0 B0 D0 B0 D0 B0 D0 B0 D0 B0 D0 B0 D0 B0 D0 B0 D0 B0 D0 B0 D0 B0 D0 B0 D0 B0 D0 B0 D0 B0 D0 B0 D0 B0 D0 B0 D0 B0 D0 B0 D0 B0 D0 B0 D0 B0 D0 B0 D0 B0 D0 B0 D0 B0 D0 B0 D0 B0 D0 B0 D0 B0 D0 B0 D0 B0 D0 B0 D0 B0 D0 B0 D0 B0 D0 B0 D0 B0 D0 B0 D0 B0 D0 B0 D0 B0 D0 B0 D0 B0 D0 B0 D0 B0 D0 B0 D0 B0 D0 B0 D0 B0 D0 B0 D0 B0 D0 B0 D0 B0 D0 B0 D0 B0 D0 B0 D0 B0 D0 B0 D0 B0 D0 B0 D0 B0 D0 B0 D0 B0 D0 B0 D0 B0 D0 B0 D0 B0 D0 B0 D0 B0 D0 B0 D0 B0 D0 B0 D0 B0 D0 B0 D0 B0 D0 B0 D0 B0 D0 B0 D0 B0 D0 B0 D0 B0 D0 B0 D0 B0 D0 B0 D0 B0 D0 B0 D0 B0 D0 B0 D0 B0 D0 B0 D0 B0 D0 B0 D0 B0 D0 B0 D0 B0 D0 B0 D0 B0 D0 B0 D0 B0 D0 B0 D0 B0 D0 B0 D0 B0 D0 B0 D0 B0 D0 B0 D0 B0 D0 B0 D0 B0 D0 B0 D0 B0 D0 B0 D0 B0 D0 B0 D0 B0 D0 B0 D0 B0 D0 B0 D0 B0 D0 B0 D0 B0 D0 B0 D0 B0 D0 B0 D0 B0 D0 B0 D0 B0 D0 B0 D0 B0 D0 B0 D0 B0 D0 B0 D0 B0 D0 B0 D0 B0 D0 B0 D0 B0 D0 B0 D0 B0 D0 B0 D0 B0 D0 B0 D0 B0 D0 B0 D0 B0 D0 B0 D0 B0 D0 B0 D0 B0 D0 B0 D0 B0 D0 B0 D0 B0 D0 B0 D0 B0 D0 B0 D0 B0 D0 B0 D0 B0 D0 B0 D0 B0 D0 B0 D0 B0 D0 B0 D0 B0 D0 B0 D0 B0 D0 B0 D0 B0 D0 B0 D0 B0 D0 B0 D0 B0 D0 B0 D0 B0 D0 B0 D0 B0 D0 B0 D0 B0 D0 B0 D0 B0 D0 B0 D0 B0 D0 B0 D0 B0 D0 B0 D0 B0 D0 B0 D0 B0 D0 B0 D0 B0 D0 B0 D0 B0 D0 B0 D0 B0 D0 B0 D0 B0 D0 B0 D0 B0 D0 B0 D0 B0 D0 B0 D0 B0 D0 B0 D0 B0 D0 B0 D0 B0 D0 B0 D0 B0 D0 B0 D0 B0 D0 B0 D0 B0 D0 B0 D0 B0 D0 B0 D0 B0 D0 B0 D0 B0 D0 B0 D0 B0 D0 B0 D0 B0 D0 B0 D0 B0 D0 B0 D0 B0 D0 B0 D0 B0 D0 B0 D0 B0 D0 B0 D0 B0 D0 B0 D0 B0 D0 B0 D0 B0 D0 B0 D0 B0 D0 B0 D0 B0 D0 B0 D0 B0 D0 B0 D0 B0 D0 B0 D0 B0 D0 B0 D0 B0 D0 B0 D0 B0 D0 B0 D0 B0 D0 B0 D0 B0 D0 B0 D0 B0 D0 B0 D0 B0 D0 B0 D0 B0 D0 B0 D0 B0 D0 B0 D0 B0 D0 B0 D0 B0 D0 B0 D0 B0 D0 B0 D0 B0 D0 B0 D0 B0 D0 B0 D0 B0 D0 B0 D0 B0 D0 B0 D0 B0 D0 B0 D0 B0 D0 B0 D0 B0 D0 B0 D0 B0 D0 B0 D0 B0 D0 B0 D0 B0 D0 B0 D0 B0 D0 B0 D0 B0 D0 B0 D0 B0 D0 B0 D0 B0 D0 B0 D0 B0 D0 B0 D0 B0 D0 B0 D0 B0 D0 B0 D0 B0 D0 B0 D0 B0 D0 B0 D0 B0 D0 B0 D0 B0 D0 B0 D0 B0 D0 B0 D0 B0 D0 B0 D0 B0 D0 B0 D0 B0 D0 B0 D0 B0 D0 B0 D0 B0 D0 B0 D0 B0 D0 B0 D0 B0 D0 B0 D0 B0 D0 B0 D0 B0 D0 B0 D0 B0 D0 B0 D0 B0 D0 B0 D0 B0 D0 B0 D0 B0 D0 B0 D0 B0 D0 B0 D0 B0 D0 B0 D0 B0	0	1024	512	1024	512	1024	ACCEPT
g37	U+0430 U+0430 U+0430 U+0430 U+0430 U+0430 U+0430 U+0430 U+0430 U+0430 U+0430 U+0430 U+0430 U+0430 U+0430 U+0430 U+0430 U+0430 U+0430 U+0430 U+0430 U+0430 U+0430 U+0430 U+0430 U+0430 U+0430 U+0430 U+0430 U+0430 U+0430 U+0430 U+0430 U+0430 U+0430 U+0430 U+0430 U+0430 U+0430 U+0430 U+0430 U+0430 U+0430 U+0430 U+0430 U+0430 U+0430 U+0430 U+0430 U+0430 U+0430 U+0430 U+0430 U+0430 U+0430 U+0430 U+0430 U+0430 U+0430 U+0430 U+0430 U+0430 U+0430 U+0430 U+0430 U+0430 U+0430 U+0430 U+0430 U+0430 U+0430 U+0430 U+0430 U+0430 U+0430 U+0430 U+0430 U+0430 U+0430 U+0430 U+0430 U+0430 U+0430 U+0430 U+0430 U+0430 U+0430 U+0430 U+0430 U+0430 U+0430 U+0430 U+0430 U+0430 U+0430 U+0430 U+0430 U+0430 U+0430 U+0430 U+0430 U+0430 U+0430 U+0430 U+0430 U+0430 U+0430 U+0430 U+0430 U+0430 U+0430 U+0430 U+0430 U+0430 U+0430 U+0430 U+0430 U+0430 U+0430 U+0430 U+0430 U+0430 U+0430 U+0430 U+0430 U+0430 U+0430 U+0430 U+0430 U+0430 U+0430 U+0430 U+0430 U+0430 U+0430 U+0430 U+0430 U+0430 U+0430 U+0430 U+0430 U+0430 U+0430 U+0430 U+0430 U+0430 U+0430 U+0430 U+0430 U+0430 U+0430 U+0430 U+0430 U+0430 U+0430 U+0430 U+0430 U+0430 U+0430 U+0430 U+0430 U+0430 U+0430 U+0430 U+0430 U+0430 U+0430 U+0430 U+0430 U+0430 U+0430 U+0430 U+0430 U+0430 U+0430 U+0430 U+0430 U+0430 U+0430 U+0430 U+0430 U+0430 U+0430 U+0430 U+0430 U+0430 U+0430 U+0430 U+0430 U+0430 U+0430 U+0430 U+0430 U+0430 U+0430 U+0430 U+0430 U+0430 U+0430 U+0430 U+0430 U+0430 U+0430 U+0430 U+0430 U+0430 U+0430 U+0430 U+0430 U+0430 U+0430 U+0430 U+0430 U+0430 U+0430 U+0430 U+0430 U+0430 U+0430 U+0430 U+0430 U+0430 U+0430 U+0430 U+0430 U+0430 U+0430 U+0430 U+0430 U+0430 U+0430 U+0430 U+0430 U+0430 U+0430 U+0430 U+0430 U+0430 U+0430 U+0430 U+0430 U+0430 U+0430 U+0430 U+0430 U+0430 U+0430 U+0430 U+0430 U+0430 U+0430 U+0430 U+0430 U+0430 U+0430 U+0430 U+0430 U+0430 U+0430 U+0430 U+0430 U+0430 U+0430 U+0430 U+0430 U+0430 U+0430 U+0430 U+0430 U+0430 U+0430 U+0430 U+0430 U+0430 U+0430 U+0430 U+0430 U+0430 U+0430 U+0430 U+0430 U+0430 U+0430 U+0430 U+0430 U+0430 U+0430 U+0430 U+0430 U+0430 U+0430 U+0430 U+0430 U+0430 U+0430 U+0430 U+0430 U+0430 U+0430 U+0430 U+0430 U+0430 U+0430 U+0430 U+0430 U+0430 U+0430 U+0430 U+0430 U+0430 U+0430 U+0430 U+0430 U+0430 U+0430 U+0430 U+0430 U+0430 U+0430 U+0430 U+0430 U+0430 U+0430 U+0430 U+0430 U+0430 U+0430 U+0430 U+0430 U+0430 U+0430 U+0430 U+0430 U+0430 U+0430 U+0430 U+0430 U+0430 U+0430 U+0430 U+0430 U+0430 U+0430 U+0430 U+0430 U+0430 U+0430 U+0430 U+0430 U+0430 U+0430 U+0430 U+0430 U+0430 U+0430 U+0430 U+0430 U+0430 U+0430 U+0430 U+0430 U+0430 U+0430 U+0430 U+0430 U+0430 U+0430 U+0430 U+0430 U+0430 U+0430 U+0430 U+0430 U+0430 U+0430 U+0430 U+0430 U+0430 U+0430 U+0430 U+0430 U+0430 U+0430 U+0430 U+0430 U+0430 U+0430 U+0430 U+0430 U+0430 U+0430 U+0430 U+0430 U+0430 U+0430 U+0430 U+0430 U+0430 U+0430 U+0430 U+0430 U+0430 U+0430 U+0430 U+0430 U+0430 U+0430 U+0430 U+0430 U+0430 U+0430 U+0430 U+0430 U+0430 U+0430 U+0430 U+0430 U+0430 U+0430 U+0430 U+0430 U+0430 U+0430 U+0430 U+0430 U+0430 U+0430 U+0430 U+0430 U+0430 U+0430 U+0430 U+0430 U+0430 U+0430 U+0430 U+0430 U+0430 U+0430 U+0430 U+0430 U+0430 U+0430 U+0430 U+0430 U+0430 U+0430 U+0430 U+0430 U+0430 U+0430 U+0430 U+0430 U+0430 U+0430 U+0430 U+0430 U+0430 U+0430 U+0430 U+0430 U+0430 U+0430 U+0430 U+0430 U+0430 U+0430 U+0430 U+0430 U+0430 U+0430 U+0430 U+0430 U+0430 U+0430 U+0430 U+0430 U+0430 U+0430 U+0430 U+0430 U+0430 U+0430 U+0430 U+0430 U+0430 U+0430 U+0430 U+0430 U+0430 U+0430 U+0430 U+0430 U+0430 U+0430 U+0430 U+0430 U+0430 U+0430 U+0430 U+0430 U+0430 U+0430 U+0430 U+0430 U+0430 U+0430 U+0430 U+0430 U+0430 U+0430 U+0430 U+0430	D0 B0 D0 B0 D0 B0 D0 B0 D0 B0 D0 B0 D0 B0 D0 B0 D0 B0 D0 B0 D0 B0 D0 B0 D0 B0 D0 B0 D0 B0 D0 B0 D0 B0 D0 B0 D0 B0 D0 B0 D0 B0 D0 B0 D0 B0 D0 B0 D0 B0 D0 B0 D0 B0 D0 B0 D0 B0 D0 B0 D0 B0 D0 B0 D0 B0 D0 B0 D0 B0 D0 B0 D0 B0 D0 B0 D0 B0 D0 B0 D0 B0 D0 B0 D0 B0 D0 B0 D0 B0 D0 B0 D0 B0 D0 B0 D0 B0 D0 B0 D0 B0 D0 B0 D0 B0 D0 B0 D0 B0 D0 B0 D0 B0 D0 B0 D0 B0 D0 B0 D0 B0 D0 B0 D0 B0 D0 B0 D0 B0 D0 B0 D0 B0 D0 B0 D0 B0 D0 B0 D0 B0 D0 B0 D0 B0 D0 B0 D0 B0 D0 B0 D0 B0 D0 B0 D0 B0 D0 B0 D0 B0 D0 B0 D0 B0 D0 B0 D0 B0 D0 B0 D0 B0 D0 B0 D0 B0 D0 B0 D0 B0 D0 B0 D0 B0 D0 B0 D0 B0 D0 B0 D0 B0 D0 B0 D0 B0 D0 B0 D0 B0 D0 B0 D0 B0 D0 B0 D0 B0 D0 B0 D0 B0 D0 B0 D0 B0 D0 B0 D0 B0 D0 B0 D0 B0 D0 B0 D0 B0 D0 B0 D0 B0 D0 B0 D0 B0 D0 B0 D0 B0 D0 B0 D0 B0 D0 B0 D0 B0 D0 B0 D0 B0 D0 B0 D0 B0 D0 B0 D0 B0 D0 B0 D0 B0 D0 B0 D0 B0 D0 B0 D0 B0 D0 B0 D0 B0 D0 B0 D0 B0 D0 B0 D0 B0 D0 B0 D0 B0 D0 B0 D0 B0 D0 B0 D0 B0 D0 B0 D0 B0 D0 B0 D0 B0 D0 B0 D0 B0 D0 B0 D0 B0 D0 B0 D0 B0 D0 B0 D0 B0 D0 B0 D0 B0 D0 B0 D0 B0 D0 B0 D0 B0 D0 B0 D0 B0 D0 B0 D0 B0 D0 B0 D0 B0 D0 B0 D0 B0 D0 B0 D0 B0 D0 B0 D0 B0 D0 B0 D0 B0 D0 B0 D0 B0 D0 B0 D0 B0 D0 B0 D0 B0 D0 B0 D0 B0 D0 B0 D0 B0 D0 B0 D0 B0 D0 B0 D0 B0 D0 B0 D0 B0 D0 B0 D0 B0 D0 B0 D0 B0 D0 B0 D0 B0 D0 B0 D0 B0 D0 B0 D0 B0 D0 B0 D0 B0 D0 B0 D0 B0 D0 B0 D0 B0 D0 B0 D0 B0 D0 B0 D0 B0 D0 B0 D0 B0 D0 B0 D0 B0 D0 B0 D0 B0 D0 B0 D0 B0 D0 B0 D0 B0 D0 B0 D0 B0 D0 B0 D0 B0 D0 B0 D0 B0 D0 B0 D0 B0 D0 B0 D0 B0 D0 B0 D0 B0 D0 B0 D0 B0 D0 B0 D0 B0 D0 B0 D0 B0 D0 B0 D0 B0 D0 B0 D0 B0 D0 B0 D0 B0 D0 B0 D0 B0 D0 B0 D0 B0 D0 B0 D0 B0 D0 B0 D0 B0 D0 B0 D0 B0 D0 B0 D0 B0 D0 B0 D0 B0 D0 B0 D0 B0 D0 B0 D0 B0 D0 B0 D0 B0 D0 B0 D0 B0 D0 B0 D0 B0 D0 B0 D0 B0 D0 B0 D0 B0 D0 B0 D0 B0 D0 B0 D0 B0 D0 B0 D0 B0 D0 B0 D0 B0 D0 B0 D0 B0 D0 B0 D0 B0 D0 B0 D0 B0 D0 B0 D0 B0 D0 B0 D0 B0 D0 B0 D0 B0 D0 B0 D0 B0 D0 B0 D0 B0 D0 B0 D0 B0 D0 B0 D0 B0 D0 B0 D0 B0 D0 B0 D0 B0 D0 B0 D0 B0 D0 B0 D0 B0 D0 B0 D0 B0 D0 B0 D0 B0 D0 B0 D0 B0 D0 B0 D0 B0 D0 B0 D0 B0 D0 B0 D0 B0 D0 B0 D0 B0 D0 B0 D0 B0 D0 B0 D0 B0 D0 B0 D0 B0 D0 B0 D0 B0 D0 B0 D0 B0 D0 B0 D0 B0 D0 B0 D0 B0 D0 B0 D0 B0 D0 B0 D0 B0 D0 B0 D0 B0 D0 B0 D0 B0 D0 B0 D0 B0 D0 B0 D0 B0 D0 B0 D0 B0 D0 B0 D0 B0 D0 B0 D0 B0 D0 B0 D0 B0 D0 B0 D0 B0 D0 B0 D0 B0 D0 B0 D0 B0 D0 B0 D0 B0 D0 B0 D0 B0 D0 B0 D0 B0 D0 B0 D0 B0 D0 B0 D0 B0 D0 B0 D0 B0 D0 B0 D0 B0 D0 B0 D0 B0 D0 B0 D0 B0 D0 B0 D0 B0 D0 B0 D0 B0 D0 B0 D0 B0 D0 B0 D0 B0 D0 B0 D0 B0 D0 B0 D0 B0 D0 B0 D0 B0 D0 B0 D0 B0 D0 B0 D0 B0 D0 B0 D0 B0 D0 B0 D0 B0 D0 B0 D0 B0 D0 B0 D0 B0 D0 B0 D0 B0 D0 B0 D0 B0 D0 B0 D0 B0 D0 B0 D0 B0 D0 B0 D0 B0 D0 B0 D0 B0 D0 B0 D0 B0 D0 B0 D0 B0 D0 B0 D0 B0 D0 B0 D0 B0 D0 B0 D0 B0 D0 B0 D0 B0 D0 B0 D0 B0 D0 B0 D0 B0 D0 B0 D0 B0 D0 B0 D0 B0 D0 B0 D0 B0 D0 B0 D0 B0 D0 B0 D0 B0 D0 B0 D0 B0 D0 B0 D0 B0 D0 B0 D0 B0 D0 B0 D0 B0 D0 B0 D0 B0 D0 B0 D0 B0 D0 B0 D0 B0 D0 B0 D0 B0 D0 B0 D0 B0 D0 B0 D0 B0 D0 B0 D0 B0 D0 B0 D0 B0 D0 B0 D0 B0 D0 B0 D0 B0 D0 B0 D0 B0 D0 B0 D0 B0 D0 B0 D0 B0 D0 B0 D0 B0 D0 B0 D0 B0 D0 B0 D0 B0 D0 B0 D0 B0 D0 B0 D0 B0 D0 B0 D0 B0 D0 B0 D0 B0 D0 B0 D0 B0 D0 B0 D0 B0 D0 B0 D0 B0 D0 B0 D0 B0 D0 B0 D0 B0 D0 B0 D0 B0 D0 B0 D0 B0	unchanged,unchanged,unchanged,unchanged,unchanged,unchanged,unchanged,unchanged,unchanged,unchanged,unchanged,unchanged,unchanged,unchanged,unchanged,unchanged,unchanged,unchanged,unchanged,unchanged,unchanged,unchanged,unchanged,unchanged,unchanged,unchanged,unchanged,unchanged,unchanged,unchanged,unchanged,unchanged,unchanged,unchanged,unchanged,unchanged,unchanged,unchanged,unchanged,unchanged,unchanged,unchanged,unchanged,unchanged,unchanged,unchanged,unchanged,unchanged,unchanged,unchanged,unchanged,unchanged,unchanged,unchanged,unchanged,unchanged,unchanged,unchanged,unchanged,unchanged,unchanged,unchanged,unchanged,unchanged,unchanged,unchanged,unchanged,unchanged,unchanged,unchanged,unchanged,unchanged,unchanged,unchanged,unchanged,unchanged,unchanged,unchanged,unchanged,unchanged,unchanged,unchanged,unchanged,unchanged,unchanged,unchanged,unchanged,unchanged,unchanged,unchanged,unchanged,unchanged,unchanged,unchanged,unchanged,unchanged,unchanged,unchanged,unchanged,unchanged,unchanged,unchanged,unchanged,unchanged,unchanged,unchanged,unchanged,unchanged,unchanged,unchanged,unchanged,unchanged,unchanged,unchanged,unchanged,unchanged,unchanged,unchanged,unchanged,unchanged,unchanged,unchanged,unchanged,unchanged,unchanged,unchanged,unchanged,unchanged,unchanged,unchanged,unchanged,unchanged,unchanged,unchanged,unchanged,unchanged,unchanged,unchanged,unchanged,unchanged,unchanged,unchanged,unchanged,unchanged,unchanged,unchanged,unchanged,unchanged,unchanged,unchanged,unchanged,unchanged,unchanged,unchanged,unchanged,unchanged,unchanged,unchanged,unchanged,unchanged,unchanged,unchanged,unchanged,unchanged,unchanged,unchanged,unchanged,unchanged,unchanged,unchanged,unchanged,unchanged,unchanged,unchanged,unchanged,unchanged,unchanged,unchanged,unchanged,unchanged,unchanged,unchanged,unchanged,unchanged,unchanged,unchanged,unchanged,unchanged,unchanged,unchanged,unchanged,unchanged,unchanged,unchanged,unchanged,unchanged,unchanged,unchanged,unchanged,unchanged,unchanged,unchanged,unchanged,unchanged,unchanged,unchanged,unchanged,unchanged,unchanged,unchanged,unchanged,unchanged,unchanged,unchanged,unchanged,unchanged,unchanged,unchanged,unchanged,unchanged,unchanged,unchanged,unchanged,unchanged,unchanged,unchanged,unchanged,unchanged,unchanged,unchanged,unchanged,unchanged,unchanged,unchanged,unchanged,unchanged,unchanged,unchanged,unchanged,unchanged,unchanged,unchanged,unchanged,unchanged,unchanged,unchanged,unchanged,unchanged,unchanged,unchanged,unchanged,unchanged,unchanged,unchanged,unchanged,unchanged,unchanged,unchanged,unchanged,unchanged,unchanged,unchanged,unchanged,unchanged,unchanged,unchanged,unchanged,unchanged,unchanged,unchanged,unchanged,unchanged,unchanged,unchanged,unchanged,unchanged,unchanged,unchanged,unchanged,unchanged,unchanged,unchanged,unchanged,unchanged,unchanged,unchanged,unchanged,unchanged,unchanged,unchanged,unchanged,unchanged,unchanged,unchanged,unchanged,unchanged,unchanged,unchanged,unchanged,unchanged,unchanged,unchanged,unchanged,unchanged,unchanged,unchanged,unchanged,unchanged,unchanged,unchanged,unchanged,unchanged,unchanged,unchanged,unchanged,unchanged,unchanged,unchanged,unchanged,unchanged,unchanged,unchanged,unchanged,unchanged,unchanged,unchanged,unchanged,unchanged,unchanged,unchanged,unchanged,unchanged,unchanged,unchanged,unchanged,unchanged,unchanged,unchanged,unchanged,unchanged,unchanged,unchanged,unchanged,unchanged,unchanged,unchanged,unchanged,unchanged,unchanged,unchanged,unchanged,unchanged,unchanged,unchanged,unchanged,unchanged,unchanged,unchanged,unchanged,unchanged,unchanged,unchanged,unchanged,unchanged,unchanged,unchanged,unchanged,unchanged,unchanged,unchanged,unchanged,unchanged,unchanged,unchanged,unchanged,unchanged,unchanged,unchanged,unchanged,unchanged,unchanged,unchanged,unchanged,unchanged,unchanged,unchanged,unchanged,unchanged,unchanged,unchanged,unchanged,unchanged,unchanged,unchanged,unchanged,unchanged,unchanged,unchanged,unchanged,unchanged,unchanged,unchanged,unchanged,unchanged,unchanged,unchanged,unchanged,unchanged,unchanged,unchanged,unchanged,unchanged,unchanged,unchanged,unchanged,unchanged,unchanged,unchanged,unchanged,unchanged,unchanged,unchanged,unchanged,unchanged,unchanged,unchanged,unchanged,unchanged,unchanged,unchanged,unchanged,unchanged,unchanged,unchanged,unchanged,unchanged,unchanged,unchanged,unchanged,unchanged,unchanged,unchanged,unchanged,unchanged,unchanged,unchanged,unchanged,unchanged,unchanged,unchanged,unchanged,unchanged,unchanged,unchanged,unchanged,unchanged,unchanged,unchanged,unchanged,unchanged,unchanged,unchanged,unchanged,unchanged,unchanged,unchanged,unchanged,unchanged,unchanged,unchanged,unchanged,unchanged,unchanged,unchanged,unchanged,unchanged,unchanged,unchanged,unchanged,unchanged,unchanged,unchanged,unchanged,unchanged,unchanged,unchanged,unchanged,unchanged,unchanged,unchanged,unchanged,unchanged,unchanged,unchanged,unchanged,unchanged,unchanged,unchanged,unchanged,unchanged,unchanged,unchanged,unchanged,unchanged,unchanged,unchanged,unchanged,unchanged,unchanged,unchanged,unchanged,unchanged,unchanged	U+0430 U+0430 U+0430 U+0430 U+0430 U+0430 U+0430 U+0430 U+0430 U+0430 U+0430 U+0430 U+0430 U+0430 U+0430 U+0430 U+0430 U+0430 U+0430 U+0430 U+0430 U+0430 U+0430 U+0430 U+0430 U+0430 U+0430 U+0430 U+0430 U+0430 U+0430 U+0430 U+0430 U+0430 U+0430 U+0430 U+0430 U+0430 U+0430 U+0430 U+0430 U+0430 U+0430 U+0430 U+0430 U+0430 U+0430 U+0430 U+0430 U+0430 U+0430 U+0430 U+0430 U+0430 U+0430 U+0430 U+0430 U+0430 U+0430 U+0430 U+0430 U+0430 U+0430 U+0430 U+0430 U+0430 U+0430 U+0430 U+0430 U+0430 U+0430 U+0430 U+0430 U+0430 U+0430 U+0430 U+0430 U+0430 U+0430 U+0430 U+0430 U+0430 U+0430 U+0430 U+0430 U+0430 U+0430 U+0430 U+0430 U+0430 U+0430 U+0430 U+0430 U+0430 U+0430 U+0430 U+0430 U+0430 U+0430 U+0430 U+0430 U+0430 U+0430 U+0430 U+0430 U+0430 U+0430 U+0430 U+0430 U+0430 U+0430 U+0430 U+0430 U+0430 U+0430 U+0430 U+0430 U+0430 U+0430 U+0430 U+0430 U+0430 U+0430 U+0430 U+0430 U+0430 U+0430 U+0430 U+0430 U+0430 U+0430 U+0430 U+0430 U+0430 U+0430 U+0430 U+0430 U+0430 U+0430 U+0430 U+0430 U+0430 U+0430 U+0430 U+0430 U+0430 U+0430 U+0430 U+0430 U+0430 U+0430 U+0430 U+0430 U+0430 U+0430 U+0430 U+0430 U+0430 U+0430 U+0430 U+0430 U+0430 U+0430 U+0430 U+0430 U+0430 U+0430 U+0430 U+0430 U+0430 U+0430 U+0430 U+0430 U+0430 U+0430 U+0430 U+0430 U+0430 U+0430 U+0430 U+0430 U+0430 U+0430 U+0430 U+0430 U+0430 U+0430 U+0430 U+0430 U+0430 U+0430 U+0430 U+0430 U+0430 U+0430 U+0430 U+0430 U+0430 U+0430 U+0430 U+0430 U+0430 U+0430 U+0430 U+0430 U+0430 U+0430 U+0430 U+0430 U+0430 U+0430 U+0430 U+0430 U+0430 U+0430 U+0430 U+0430 U+0430 U+0430 U+0430 U+0430 U+0430 U+0430 U+0430 U+0430 U+0430 U+0430 U+0430 U+0430 U+0430 U+0430 U+0430 U+0430 U+0430 U+0430 U+0430 U+0430 U+0430 U+0430 U+0430 U+0430 U+0430 U+0430 U+0430 U+0430 U+0430 U+0430 U+0430 U+0430 U+0430 U+0430 U+0430 U+0430 U+0430 U+0430 U+0430 U+0430 U+0430 U+0430 U+0430 U+0430 U+0430 U+0430 U+0430 U+0430 U+0430 U+0430 U+0430 U+0430 U+0430 U+0430 U+0430 U+0430 U+0430 U+0430 U+0430 U+0430 U+0430 U+0430 U+0430 U+0430 U+0430 U+0430 U+0430 U+0430 U+0430 U+0430 U+0430 U+0430 U+0430 U+0430 U+0430 U+0430 U+0430 U+0430 U+0430 U+0430 U+0430 U+0430 U+0430 U+0430 U+0430 U+0430 U+0430 U+0430 U+0430 U+0430 U+0430 U+0430 U+0430 U+0430 U+0430 U+0430 U+0430 U+0430 U+0430 U+0430 U+0430 U+0430 U+0430 U+0430 U+0430 U+0430 U+0430 U+0430 U+0430 U+0430 U+0430 U+0430 U+0430 U+0430 U+0430 U+0430 U+0430 U+0430 U+0430 U+0430 U+0430 U+0430 U+0430 U+0430 U+0430 U+0430 U+0430 U+0430 U+0430 U+0430 U+0430 U+0430 U+0430 U+0430 U+0430 U+0430 U+0430 U+0430 U+0430 U+0430 U+0430 U+0430 U+0430 U+0430 U+0430 U+0430 U+0430 U+0430 U+0430 U+0430 U+0430 U+0430 U+0430 U+0430 U+0430 U+0430 U+0430 U+0430 U+0430 U+0430 U+0430 U+0430 U+0430 U+0430 U+0430 U+0430 U+0430 U+0430 U+0430 U+0430 U+0430 U+0430 U+0430 U+0430 U+0430 U+0430 U+0430 U+0430 U+0430 U+0430 U+0430 U+0430 U+0430 U+0430 U+0430 U+0430 U+0430 U+0430 U+0430 U+0430 U+0430 U+0430 U+0430 U+0430 U+0430 U+0430 U+0430 U+0430 U+0430 U+0430 U+0430 U+0430 U+0430 U+0430 U+0430 U+0430 U+0430 U+0430 U+0430 U+0430 U+0430 U+0430 U+0430 U+0430 U+0430 U+0430 U+0430 U+0430 U+0430 U+0430 U+0430 U+0430 U+0430 U+0430 U+0430 U+0430 U+0430 U+0430 U+0430 U+0430 U+0430 U+0430 U+0430 U+0430 U+0430 U+0430 U+0430 U+0430 U+0430 U+0430 U+0430 U+0430 U+0430 U+0430 U+0430 U+0430 U+0430 U+0430 U+0430 U+0430 U+0430 U+0430 U+0430 U+0430 U+0430 U+0430 U+0430 U+0430 U+0430 U+0430 U+0430 U+0430 U+0430 U+0430 U+0430 U+0430 U+0430 U+0430 U+0430 U+0430 U+0430 U+0430 U+0430 U+0430 U+0430 U+0430 U+0430 U+0430 U+0430 U+0430 U+0430 U+0430 U+0430 U+0430 U+0430 U+0430 U+0430 U+0430 U+0430 U+0430 U+0430 U+0430 U+0430 U+0430 U+0430 U+0430	D0 B0 D0 B0 D0 B0 D0 B0 D0 B0 D0 B0 D0 B0 D0 B0 D0 B0 D0 B0 D0 B0 D0 B0 D0 B0 D0 B0 D0 B0 D0 B0 D0 B0 D0 B0 D0 B0 D0 B0 D0 B0 D0 B0 D0 B0 D0 B0 D0 B0 D0 B0 D0 B0 D0 B0 D0 B0 D0 B0 D0 B0 D0 B0 D0 B0 D0 B0 D0 B0 D0 B0 D0 B0 D0 B0 D0 B0 D0 B0 D0 B0 D0 B0 D0 B0 D0 B0 D0 B0 D0 B0 D0 B0 D0 B0 D0 B0 D0 B0 D0 B0 D0 B0 D0 B0 D0 B0 D0 B0 D0 B0 D0 B0 D0 B0 D0 B0 D0 B0 D0 B0 D0 B0 D0 B0 D0 B0 D0 B0 D0 B0 D0 B0 D0 B0 D0 B0 D0 B0 D0 B0 D0 B0 D0 B0 D0 B0 D0 B0 D0 B0 D0 B0 D0 B0 D0 B0 D0 B0 D0 B0 D0 B0 D0 B0 D0 B0 D0 B0 D0 B0 D0 B0 D0 B0 D0 B0 D0 B0 D0 B0 D0 B0 D0 B0 D0 B0 D0 B0 D0 B0 D0 B0 D0 B0 D0 B0 D0 B0 D0 B0 D0 B0 D0 B0 D0 B0 D0 B0 D0 B0 D0 B0 D0 B0 D0 B0 D0 B0 D0 B0 D0 B0 D0 B0 D0 B0 D0 B0 D0 B0 D0 B0 D0 B0 D0 B0 D0 B0 D0 B0 D0 B0 D0 B0 D0 B0 D0 B0 D0 B0 D0 B0 D0 B0 D0 B0 D0 B0 D0 B0 D0 B0 D0 B0 D0 B0 D0 B0 D0 B0 D0 B0 D0 B0 D0 B0 D0 B0 D0 B0 D0 B0 D0 B0 D0 B0 D0 B0 D0 B0 D0 B0 D0 B0 D0 B0 D0 B0 D0 B0 D0 B0 D0 B0 D0 B0 D0 B0 D0 B0 D0 B0 D0 B0 D0 B0 D0 B0 D0 B0 D0 B0 D0 B0 D0 B0 D0 B0 D0 B0 D0 B0 D0 B0 D0 B0 D0 B0 D0 B0 D0 B0 D0 B0 D0 B0 D0 B0 D0 B0 D0 B0 D0 B0 D0 B0 D0 B0 D0 B0 D0 B0 D0 B0 D0 B0 D0 B0 D0 B0 D0 B0 D0 B0 D0 B0 D0 B0 D0 B0 D0 B0 D0 B0 D0 B0 D0 B0 D0 B0 D0 B0 D0 B0 D0 B0 D0 B0 D0 B0 D0 B0 D0 B0 D0 B0 D0 B0 D0 B0 D0 B0 D0 B0 D0 B0 D0 B0 D0 B0 D0 B0 D0 B0 D0 B0 D0 B0 D0 B0 D0 B0 D0 B0 D0 B0 D0 B0 D0 B0 D0 B0 D0 B0 D0 B0 D0 B0 D0 B0 D0 B0 D0 B0 D0 B0 D0 B0 D0 B0 D0 B0 D0 B0 D0 B0 D0 B0 D0 B0 D0 B0 D0 B0 D0 B0 D0 B0 D0 B0 D0 B0 D0 B0 D0 B0 D0 B0 D0 B0 D0 B0 D0 B0 D0 B0 D0 B0 D0 B0 D0 B0 D0 B0 D0 B0 D0 B0 D0 B0 D0 B0 D0 B0 D0 B0 D0 B0 D0 B0 D0 B0 D0 B0 D0 B0 D0 B0 D0 B0 D0 B0 D0 B0 D0 B0 D0 B0 D0 B0 D0 B0 D0 B0 D0 B0 D0 B0 D0 B0 D0 B0 D0 B0 D0 B0 D0 B0 D0 B0 D0 B0 D0 B0 D0 B0 D0 B0 D0 B0 D0 B0 D0 B0 D0 B0 D0 B0 D0 B0 D0 B0 D0 B0 D0 B0 D0 B0 D0 B0 D0 B0 D0 B0 D0 B0 D0 B0 D0 B0 D0 B0 D0 B0 D0 B0 D0 B0 D0 B0 D0 B0 D0 B0 D0 B0 D0 B0 D0 B0 D0 B0 D0 B0 D0 B0 D0 B0 D0 B0 D0 B0 D0 B0 D0 B0 D0 B0 D0 B0 D0 B0 D0 B0 D0 B0 D0 B0 D0 B0 D0 B0 D0 B0 D0 B0 D0 B0 D0 B0 D0 B0 D0 B0 D0 B0 D0 B0 D0 B0 D0 B0 D0 B0 D0 B0 D0 B0 D0 B0 D0 B0 D0 B0 D0 B0 D0 B0 D0 B0 D0 B0 D0 B0 D0 B0 D0 B0 D0 B0 D0 B0 D0 B0 D0 B0 D0 B0 D0 B0 D0 B0 D0 B0 D0 B0 D0 B0 D0 B0 D0 B0 D0 B0 D0 B0 D0 B0 D0 B0 D0 B0 D0 B0 D0 B0 D0 B0 D0 B0 D0 B0 D0 B0 D0 B0 D0 B0 D0 B0 D0 B0 D0 B0 D0 B0 D0 B0 D0 B0 D0 B0 D0 B0 D0 B0 D0 B0 D0 B0 D0 B0 D0 B0 D0 B0 D0 B0 D0 B0 D0 B0 D0 B0 D0 B0 D0 B0 D0 B0 D0 B0 D0 B0 D0 B0 D0 B0 D0 B0 D0 B0 D0 B0 D0 B0 D0 B0 D0 B0 D0 B0 D0 B0 D0 B0 D0 B0 D0 B0 D0 B0 D0 B0 D0 B0 D0 B0 D0 B0 D0 B0 D0 B0 D0 B0 D0 B0 D0 B0 D0 B0 D0 B0 D0 B0 D0 B0 D0 B0 D0 B0 D0 B0 D0 B0 D0 B0 D0 B0 D0 B0 D0 B0 D0 B0 D0 B0 D0 B0 D0 B0 D0 B0 D0 B0 D0 B0 D0 B0 D0 B0 D0 B0 D0 B0 D0 B0 D0 B0 D0 B0 D0 B0 D0 B0 D0 B0 D0 B0 D0 B0 D0 B0 D0 B0 D0 B0 D0 B0 D0 B0 D0 B0 D0 B0 D0 B0 D0 B0 D0 B0 D0 B0 D0 B0 D0 B0 D0 B0 D0 B0 D0 B0 D0 B0 D0 B0 D0 B0 D0 B0 D0 B0 D0 B0 D0 B0 D0 B0 D0 B0 D0 B0 D0 B0 D0 B0 D0 B0 D0 B0 D0 B0 D0 B0 D0 B0 D0 B0 D0 B0 D0 B0 D0 B0 D0 B0 D0 B0 D0 B0 D0 B0 D0 B0 D0 B0 D0 B0 D0 B0 D0 B0 D0 B0 D0 B0 D0 B0 D0 B0 D0 B0 D0 B0 D0 B0 D0 B0 D0 B0 D0 B0 D0 B0 D0 B0 D0 B0 D0 B0 D0 B0	unchanged,unchanged,unchanged,unchanged,unchanged,unchanged,unchanged,unchanged,unchanged,unchanged,unchanged,unchanged,unchanged,unchanged,unchanged,unchanged,unchanged,unchanged,unchanged,unchanged,unchanged,unchanged,unchanged,unchanged,unchanged,unchanged,unchanged,unchanged,unchanged,unchanged,unchanged,unchanged,unchanged,unchanged,unchanged,unchanged,unchanged,unchanged,unchanged,unchanged,unchanged,unchanged,unchanged,unchanged,unchanged,unchanged,unchanged,unchanged,unchanged,unchanged,unchanged,unchanged,unchanged,unchanged,unchanged,unchanged,unchanged,unchanged,unchanged,unchanged,unchanged,unchanged,unchanged,unchanged,unchanged,unchanged,unchanged,unchanged,unchanged,unchanged,unchanged,unchanged,unchanged,unchanged,unchanged,unchanged,unchanged,unchanged,unchanged,unchanged,unchanged,unchanged,unchanged,unchanged,unchanged,unchanged,unchanged,unchanged,unchanged,unchanged,unchanged,unchanged,unchanged,unchanged,unchanged,unchanged,unchanged,unchanged,unchanged,unchanged,unchanged,unchanged,unchanged,unchanged,unchanged,unchanged,unchanged,unchanged,unchanged,unchanged,unchanged,unchanged,unchanged,unchanged,unchanged,unchanged,unchanged,unchanged,unchanged,unchanged,unchanged,unchanged,unchanged,unchanged,unchanged,unchanged,unchanged,unchanged,unchanged,unchanged,unchanged,unchanged,unchanged,unchanged,unchanged,unchanged,unchanged,unchanged,unchanged,unchanged,unchanged,unchanged,unchanged,unchanged,unchanged,unchanged,unchanged,unchanged,unchanged,unchanged,unchanged,unchanged,unchanged,unchanged,unchanged,unchanged,unchanged,unchanged,unchanged,unchanged,unchanged,unchanged,unchanged,unchanged,unchanged,unchanged,unchanged,unchanged,unchanged,unchanged,unchanged,unchanged,unchanged,unchanged,unchanged,unchanged,unchanged,unchanged,unchanged,unchanged,unchanged,unchanged,unchanged,unchanged,unchanged,unchanged,unchanged,unchanged,unchanged,unchanged,unchanged,unchanged,unchanged,unchanged,unchanged,unchanged,unchanged,unchanged,unchanged,unchanged,unchanged,unchanged,unchanged,unchanged,unchanged,unchanged,unchanged,unchanged,unchanged,unchanged,unchanged,unchanged,unchanged,unchanged,unchanged,unchanged,unchanged,unchanged,unchanged,unchanged,unchanged,unchanged,unchanged,unchanged,unchanged,unchanged,unchanged,unchanged,unchanged,unchanged,unchanged,unchanged,unchanged,unchanged,unchanged,unchanged,unchanged,unchanged,unchanged,unchanged,unchanged,unchanged,unchanged,unchanged,unchanged,unchanged,unchanged,unchanged,unchanged,unchanged,unchanged,unchanged,unchanged,unchanged,unchanged,unchanged,unchanged,unchanged,unchanged,unchanged,unchanged,unchanged,unchanged,unchanged,unchanged,unchanged,unchanged,unchanged,unchanged,unchanged,unchanged,unchanged,unchanged,unchanged,unchanged,unchanged,unchanged,unchanged,unchanged,unchanged,unchanged,unchanged,unchanged,unchanged,unchanged,unchanged,unchanged,unchanged,unchanged,unchanged,unchanged,unchanged,unchanged,unchanged,unchanged,unchanged,unchanged,unchanged,unchanged,unchanged,unchanged,unchanged,unchanged,unchanged,unchanged,unchanged,unchanged,unchanged,unchanged,unchanged,unchanged,unchanged,unchanged,unchanged,unchanged,unchanged,unchanged,unchanged,unchanged,unchanged,unchanged,unchanged,unchanged,unchanged,unchanged,unchanged,unchanged,unchanged,unchanged,unchanged,unchanged,unchanged,unchanged,unchanged,unchanged,unchanged,unchanged,unchanged,unchanged,unchanged,unchanged,unchanged,unchanged,unchanged,unchanged,unchanged,unchanged,unchanged,unchanged,unchanged,unchanged,unchanged,unchanged,unchanged,unchanged,unchanged,unchanged,unchanged,unchanged,unchanged,unchanged,unchanged,unchanged,unchanged,unchanged,unchanged,unchanged,unchanged,unchanged,unchanged,unchanged,unchanged,unchanged,unchanged,unchanged,unchanged,unchanged,unchanged,unchanged,unchanged,unchanged,unchanged,unchanged,unchanged,unchanged,unchanged,unchanged,unchanged,unchanged,unchanged,unchanged,unchanged,unchanged,unchanged,unchanged,unchanged,unchanged,unchanged,unchanged,unchanged,unchanged,unchanged,unchanged,unchanged,unchanged,unchanged,unchanged,unchanged,unchanged,unchanged,unchanged,unchanged,unchanged,unchanged,unchanged,unchanged,unchanged,unchanged,unchanged,unchanged,unchanged,unchanged,unchanged,unchanged,unchanged,unchanged,unchanged,unchanged,unchanged,unchanged,unchanged,unchanged,unchanged,unchanged,unchanged,unchanged,unchanged,unchanged,unchanged,unchanged,unchanged,unchanged,unchanged,unchanged,unchanged,unchanged,unchanged,unchanged,unchanged,unchanged,unchanged,unchanged,unchanged,unchanged,unchanged,unchanged,unchanged,unchanged,unchanged,unchanged,unchanged,unchanged,unchanged,unchanged,unchanged,unchanged,unchanged,unchanged,unchanged,unchanged,unchanged,unchanged,unchanged,unchanged,unchanged,unchanged,unchanged,unchanged,unchanged,unchanged,unchanged,unchanged,unchanged,unchanged,unchanged,unchanged,unchanged,unchanged,unchanged,unchanged,unchanged,unchanged,unchanged,unchanged,unchanged,unchanged,unchanged,unchanged,unchanged,unchanged,unchanged,unchanged,unchanged,unchanged,unchanged,unchanged,unchanged,unchanged,unchanged,unchanged,unchanged,unchanged,unchanged	U+0430 U+0430 U+0430 U+0430 U+0430 U+0430 U+0430 U+0430 U+0430 U+0430 U+0430 U+0430 U+0430 U+0430 U+0430 U+0430 U+0430 U+0430 U+0430 U+0430 U+0430 U+0430 U+0430 U+0430 U+0430 U+0430 U+0430 U+0430 U+0430 U+0430 U+0430 U+0430 U+0430 U+0430 U+0430 U+0430 U+0430 U+0430 U+0430 U+0430 U+0430 U+0430 U+0430 U+0430 U+0430 U+0430 U+0430 U+0430 U+0430 U+0430 U+0430 U+0430 U+0430 U+0430 U+0430 U+0430 U+0430 U+0430 U+0430 U+0430 U+0430 U+0430 U+0430 U+0430 U+0430 U+0430 U+0430 U+0430 U+0430 U+0430 U+0430 U+0430 U+0430 U+0430 U+0430 U+0430 U+0430 U+0430 U+0430 U+0430 U+0430 U+0430 U+0430 U+0430 U+0430 U+0430 U+0430 U+0430 U+0430 U+0430 U+0430 U+0430 U+0430 U+0430 U+0430 U+0430 U+0430 U+0430 U+0430 U+0430 U+0430 U+0430 U+0430 U+0430 U+0430 U+0430 U+0430 U+0430 U+0430 U+0430 U+0430 U+0430 U+0430 U+0430 U+0430 U+0430 U+0430 U+0430 U+0430 U+0430 U+0430 U+0430 U+0430 U+0430 U+0430 U+0430 U+0430 U+0430 U+0430 U+0430 U+0430 U+0430 U+0430 U+0430 U+0430 U+0430 U+0430 U+0430 U+0430 U+0430 U+0430 U+0430 U+0430 U+0430 U+0430 U+0430 U+0430 U+0430 U+0430 U+0430 U+0430 U+0430 U+0430 U+0430 U+0430 U+0430 U+0430 U+0430 U+0430 U+0430 U+0430 U+0430 U+0430 U+0430 U+0430 U+0430 U+0430 U+0430 U+0430 U+0430 U+0430 U+0430 U+0430 U+0430 U+0430 U+0430 U+0430 U+0430 U+0430 U+0430 U+0430 U+0430 U+0430 U+0430 U+0430 U+0430 U+0430 U+0430 U+0430 U+0430 U+0430 U+0430 U+0430 U+0430 U+0430 U+0430 U+0430 U+0430 U+0430 U+0430 U+0430 U+0430 U+0430 U+0430 U+0430 U+0430 U+0430 U+0430 U+0430 U+0430 U+0430 U+0430 U+0430 U+0430 U+0430 U+0430 U+0430 U+0430 U+0430 U+0430 U+0430 U+0430 U+0430 U+0430 U+0430 U+0430 U+0430 U+0430 U+0430 U+0430 U+0430 U+0430 U+0430 U+0430 U+0430 U+0430 U+0430 U+0430 U+0430 U+0430 U+0430 U+0430 U+0430 U+0430 U+0430 U+0430 U+0430 U+0430 U+0430 U+0430 U+0430 U+0430 U+0430 U+0430 U+0430 U+0430 U+0430 U+0430 U+0430 U+0430 U+0430 U+0430 U+0430 U+0430 U+0430 U+0430 U+0430 U+0430 U+0430 U+0430 U+0430 U+0430 U+0430 U+0430 U+0430 U+0430 U+0430 U+0430 U+0430 U+0430 U+0430 U+0430 U+0430 U+0430 U+0430 U+0430 U+0430 U+0430 U+0430 U+0430 U+0430 U+0430 U+0430 U+0430 U+0430 U+0430 U+0430 U+0430 U+0430 U+0430 U+0430 U+0430 U+0430 U+0430 U+0430 U+0430 U+0430 U+0430 U+0430 U+0430 U+0430 U+0430 U+0430 U+0430 U+0430 U+0430 U+0430 U+0430 U+0430 U+0430 U+0430 U+0430 U+0430 U+0430 U+0430 U+0430 U+0430 U+0430 U+0430 U+0430 U+0430 U+0430 U+0430 U+0430 U+0430 U+0430 U+0430 U+0430 U+0430 U+0430 U+0430 U+0430 U+0430 U+0430 U+0430 U+0430 U+0430 U+0430 U+0430 U+0430 U+0430 U+0430 U+0430 U+0430 U+0430 U+0430 U+0430 U+0430 U+0430 U+0430 U+0430 U+0430 U+0430 U+0430 U+0430 U+0430 U+0430 U+0430 U+0430 U+0430 U+0430 U+0430 U+0430 U+0430 U+0430 U+0430 U+0430 U+0430 U+0430 U+0430 U+0430 U+0430 U+0430 U+0430 U+0430 U+0430 U+0430 U+0430 U+0430 U+0430 U+0430 U+0430 U+0430 U+0430 U+0430 U+0430 U+0430 U+0430 U+0430 U+0430 U+0430 U+0430 U+0430 U+0430 U+0430 U+0430 U+0430 U+0430 U+0430 U+0430 U+0430 U+0430 U+0430 U+0430 U+0430 U+0430 U+0430 U+0430 U+0430 U+0430 U+0430 U+0430 U+0430 U+0430 U+0430 U+0430 U+0430 U+0430 U+0430 U+0430 U+0430 U+0430 U+0430 U+0430 U+0430 U+0430 U+0430 U+0430 U+0430 U+0430 U+0430 U+0430 U+0430 U+0430 U+0430 U+0430 U+0430 U+0430 U+0430 U+0430 U+0430 U+0430 U+0430 U+0430 U+0430 U+0430 U+0430 U+0430 U+0430 U+0430 U+0430 U+0430 U+0430 U+0430 U+0430 U+0430 U+0430 U+0430 U+0430 U+0430 U+0430 U+0430 U+0430 U+0430 U+0430 U+0430 U+0430 U+0430 U+0430 U+0430 U+0430 U+0430 U+0430 U+0430 U+0430 U+0430 U+0430 U+0430 U+0430 U+0430 U+0430 U+0430 U+0430 U+0430 U+0430 U+0430 U+0430 U+0430 U+0430 U+0430 U+0430 U+0430 U+0430 U+0430 U+0430 U+0430 U+0430 U+0430 U+0430 U+0430 U+0430 U+0430 U+0430	D0 B0 D0 B0 D0 B0 D0 B0 D0 B0 D0 B0 D0 B0 D0 B0 D0 B0 D0 B0 D0 B0 D0 B0 D0 B0 D0 B0 D0 B0 D0 B0 D0 B0 D0 B0 D0 B0 D0 B0 D0 B0 D0 B0 D0 B0 D0 B0 D0 B0 D0 B0 D0 B0 D0 B0 D0 B0 D0 B0 D0 B0 D0 B0 D0 B0 D0 B0 D0 B0 D0 B0 D0 B0 D0 B0 D0 B0 D0 B0 D0 B0 D0 B0 D0 B0 D0 B0 D0 B0 D0 B0 D0 B0 D0 B0 D0 B0 D0 B0 D0 B0 D0 B0 D0 B0 D0 B0 D0 B0 D0 B0 D0 B0 D0 B0 D0 B0 D0 B0 D0 B0 D0 B0 D0 B0 D0 B0 D0 B0 D0 B0 D0 B0 D0 B0 D0 B0 D0 B0 D0 B0 D0 B0 D0 B0 D0 B0 D0 B0 D0 B0 D0 B0 D0 B0 D0 B0 D0 B0 D0 B0 D0 B0 D0 B0 D0 B0 D0 B0 D0 B0 D0 B0 D0 B0 D0 B0 D0 B0 D0 B0 D0 B0 D0 B0 D0 B0 D0 B0 D0 B0 D0 B0 D0 B0 D0 B0 D0 B0 D0 B0 D0 B0 D0 B0 D0 B0 D0 B0 D0 B0 D0 B0 D0 B0 D0 B0 D0 B0 D0 B0 D0 B0 D0 B0 D0 B0 D0 B0 D0 B0 D0 B0 D0 B0 D0 B0 D0 B0 D0 B0 D0 B0 D0 B0 D0 B0 D0 B0 D0 B0 D0 B0 D0 B0 D0 B0 D0 B0 D0 B0 D0 B0 D0 B0 D0 B0 D0 B0 D0 B0 D0 B0 D0 B0 D0 B0 D0 B0 D0 B0 D0 B0 D0 B0 D0 B0 D0 B0 D0 B0 D0 B0 D0 B0 D0 B0 D0 B0 D0 B0 D0 B0 D0 B0 D0 B0 D0 B0 D0 B0 D0 B0 D0 B0 D0 B0 D0 B0 D0 B0 D0 B0 D0 B0 D0 B0 D0 B0 D0 B0 D0 B0 D0 B0 D0 B0 D0 B0 D0 B0 D0 B0 D0 B0 D0 B0 D0 B0 D0 B0 D0 B0 D0 B0 D0 B0 D0 B0 D0 B0 D0 B0 D0 B0 D0 B0 D0 B0 D0 B0 D0 B0 D0 B0 D0 B0 D0 B0 D0 B0 D0 B0 D0 B0 D0 B0 D0 B0 D0 B0 D0 B0 D0 B0 D0 B0 D0 B0 D0 B0 D0 B0 D0 B0 D0 B0 D0 B0 D0 B0 D0 B0 D0 B0 D0 B0 D0 B0 D0 B0 D0 B0 D0 B0 D0 B0 D0 B0 D0 B0 D0 B0 D0 B0 D0 B0 D0 B0 D0 B0 D0 B0 D0 B0 D0 B0 D0 B0 D0 B0 D0 B0 D0 B0 D0 B0 D0 B0 D0 B0 D0 B0 D0 B0 D0 B0 D0 B0 D0 B0 D0 B0 D0 B0 D0 B0 D0 B0 D0 B0 D0 B0 D0 B0 D0 B0 D0 B0 D0 B0 D0 B0 D0 B0 D0 B0 D0 B0 D0 B0 D0 B0 D0 B0 D0 B0 D0 B0 D0 B0 D0 B0 D0 B0 D0 B0 D0 B0 D0 B0 D0 B0 D0 B0 D0 B0 D0 B0 D0 B0 D0 B0 D0 B0 D0 B0 D0 B0 D0 B0 D0 B0 D0 B0 D0 B0 D0 B0 D0 B0 D0 B0 D0 B0 D0 B0 D0 B0 D0 B0 D0 B0 D0 B0 D0 B0 D0 B0 D0 B0 D0 B0 D0 B0 D0 B0 D0 B0 D0 B0 D0 B0 D0 B0 D0 B0 D0 B0 D0 B0 D0 B0 D0 B0 D0 B0 D0 B0 D0 B0 D0 B0 D0 B0 D0 B0 D0 B0 D0 B0 D0 B0 D0 B0 D0 B0 D0 B0 D0 B0 D0 B0 D0 B0 D0 B0 D0 B0 D0 B0 D0 B0 D0 B0 D0 B0 D0 B0 D0 B0 D0 B0 D0 B0 D0 B0 D0 B0 D0 B0 D0 B0 D0 B0 D0 B0 D0 B0 D0 B0 D0 B0 D0 B0 D0 B0 D0 B0 D0 B0 D0 B0 D0 B0 D0 B0 D0 B0 D0 B0 D0 B0 D0 B0 D0 B0 D0 B0 D0 B0 D0 B0 D0 B0 D0 B0 D0 B0 D0 B0 D0 B0 D0 B0 D0 B0 D0 B0 D0 B0 D0 B0 D0 B0 D0 B0 D0 B0 D0 B0 D0 B0 D0 B0 D0 B0 D0 B0 D0 B0 D0 B0 D0 B0 D0 B0 D0 B0 D0 B0 D0 B0 D0 B0 D0 B0 D0 B0 D0 B0 D0 B0 D0 B0 D0 B0 D0 B0 D0 B0 D0 B0 D0 B0 D0 B0 D0 B0 D0 B0 D0 B0 D0 B0 D0 B0 D0 B0 D0 B0 D0 B0 D0 B0 D0 B0 D0 B0 D0 B0 D0 B0 D0 B0 D0 B0 D0 B0 D0 B0 D0 B0 D0 B0 D0 B0 D0 B0 D0 B0 D0 B0 D0 B0 D0 B0 D0 B0 D0 B0 D0 B0 D0 B0 D0 B0 D0 B0 D0 B0 D0 B0 D0 B0 D0 B0 D0 B0 D0 B0 D0 B0 D0 B0 D0 B0 D0 B0 D0 B0 D0 B0 D0 B0 D0 B0 D0 B0 D0 B0 D0 B0 D0 B0 D0 B0 D0 B0 D0 B0 D0 B0 D0 B0 D0 B0 D0 B0 D0 B0 D0 B0 D0 B0 D0 B0 D0 B0 D0 B0 D0 B0 D0 B0 D0 B0 D0 B0 D0 B0 D0 B0 D0 B0 D0 B0 D0 B0 D0 B0 D0 B0 D0 B0 D0 B0 D0 B0 D0 B0 D0 B0 D0 B0 D0 B0 D0 B0 D0 B0 D0 B0 D0 B0 D0 B0 D0 B0 D0 B0 D0 B0 D0 B0 D0 B0 D0 B0 D0 B0 D0 B0 D0 B0 D0 B0 D0 B0 D0 B0 D0 B0 D0 B0 D0 B0 D0 B0 D0 B0 D0 B0 D0 B0 D0 B0 D0 B0 D0 B0 D0 B0 D0 B0 D0 B0 D0 B0 D0 B0 D0 B0 D0 B0 D0 B0 D0 B0 D0 B0 D0 B0 D0 B0 D0 B0 D0 B0 D0 B0 D0 B0 D0 B0 D0 B0 D0 B0 D0 B0 D0 B0 D0 B0	0	1026	513	1026	512	1024	TERM_TOO_LONG
g38	U+1E9E U+1E9E U+1E9E U+1E9E U+1E9E U+1E9E U+1E9E U+1E9E U+1E9E U+1E9E U+1E9E U+1E9E U+1E9E U+1E9E U+1E9E U+1E9E U+1E9E U+1E9E U+1E9E U+1E9E U+1E9E U+1E9E U+1E9E U+1E9E U+1E9E U+1E9E U+1E9E U+1E9E U+1E9E U+1E9E U+1E9E U+1E9E U+1E9E U+1E9E U+1E9E U+1E9E U+1E9E U+1E9E U+1E9E U+1E9E U+1E9E U+1E9E U+1E9E U+1E9E U+1E9E U+1E9E U+1E9E U+1E9E U+1E9E U+1E9E U+1E9E U+1E9E U+1E9E U+1E9E U+1E9E U+1E9E U+1E9E U+1E9E U+1E9E U+1E9E U+1E9E U+1E9E U+1E9E U+1E9E U+1E9E U+1E9E U+1E9E U+1E9E U+1E9E U+1E9E U+1E9E U+1E9E U+1E9E U+1E9E U+1E9E U+1E9E U+1E9E U+1E9E U+1E9E U+1E9E U+1E9E U+1E9E U+1E9E U+1E9E U+1E9E U+1E9E U+1E9E U+1E9E U+1E9E U+1E9E U+1E9E U+1E9E U+1E9E U+1E9E U+1E9E U+1E9E U+1E9E U+1E9E U+1E9E U+1E9E U+1E9E U+1E9E U+1E9E U+1E9E U+1E9E U+1E9E U+1E9E U+1E9E U+1E9E U+1E9E U+1E9E U+1E9E U+1E9E U+1E9E U+1E9E U+1E9E U+1E9E U+1E9E U+1E9E U+1E9E U+1E9E U+1E9E U+1E9E U+1E9E U+1E9E U+1E9E U+1E9E U+1E9E U+1E9E U+1E9E U+1E9E U+1E9E U+1E9E U+1E9E U+1E9E U+1E9E U+1E9E U+1E9E U+1E9E U+1E9E U+1E9E U+1E9E U+1E9E U+1E9E U+1E9E U+1E9E U+1E9E U+1E9E U+1E9E U+1E9E U+1E9E U+1E9E U+1E9E U+1E9E U+1E9E U+1E9E U+1E9E U+1E9E U+1E9E U+1E9E U+1E9E U+1E9E U+1E9E U+1E9E U+1E9E U+1E9E U+1E9E U+1E9E U+1E9E U+1E9E U+1E9E U+1E9E U+1E9E U+1E9E U+1E9E U+1E9E U+1E9E U+1E9E U+1E9E U+1E9E U+1E9E U+1E9E U+1E9E U+1E9E U+1E9E U+1E9E U+1E9E U+1E9E U+1E9E U+1E9E U+1E9E U+1E9E U+1E9E U+1E9E U+1E9E U+1E9E U+1E9E U+1E9E U+1E9E U+1E9E U+1E9E U+1E9E U+1E9E U+1E9E U+1E9E U+1E9E U+1E9E U+1E9E U+1E9E U+1E9E U+1E9E U+1E9E U+1E9E U+1E9E U+1E9E U+1E9E U+1E9E U+1E9E U+1E9E U+1E9E U+1E9E U+1E9E U+1E9E U+1E9E U+1E9E U+1E9E U+1E9E U+1E9E U+1E9E U+1E9E U+1E9E U+1E9E U+1E9E U+1E9E U+1E9E U+1E9E U+1E9E U+1E9E U+1E9E U+1E9E U+1E9E U+1E9E U+1E9E U+1E9E U+1E9E U+1E9E U+1E9E U+1E9E U+1E9E U+1E9E U+1E9E U+1E9E U+1E9E U+1E9E U+1E9E U+1E9E	E1 BA 9E E1 BA 9E E1 BA 9E E1 BA 9E E1 BA 9E E1 BA 9E E1 BA 9E E1 BA 9E E1 BA 9E E1 BA 9E E1 BA 9E E1 BA 9E E1 BA 9E E1 BA 9E E1 BA 9E E1 BA 9E E1 BA 9E E1 BA 9E E1 BA 9E E1 BA 9E E1 BA 9E E1 BA 9E E1 BA 9E E1 BA 9E E1 BA 9E E1 BA 9E E1 BA 9E E1 BA 9E E1 BA 9E E1 BA 9E E1 BA 9E E1 BA 9E E1 BA 9E E1 BA 9E E1 BA 9E E1 BA 9E E1 BA 9E E1 BA 9E E1 BA 9E E1 BA 9E E1 BA 9E E1 BA 9E E1 BA 9E E1 BA 9E E1 BA 9E E1 BA 9E E1 BA 9E E1 BA 9E E1 BA 9E E1 BA 9E E1 BA 9E E1 BA 9E E1 BA 9E E1 BA 9E E1 BA 9E E1 BA 9E E1 BA 9E E1 BA 9E E1 BA 9E E1 BA 9E E1 BA 9E E1 BA 9E E1 BA 9E E1 BA 9E E1 BA 9E E1 BA 9E E1 BA 9E E1 BA 9E E1 BA 9E E1 BA 9E E1 BA 9E E1 BA 9E E1 BA 9E E1 BA 9E E1 BA 9E E1 BA 9E E1 BA 9E E1 BA 9E E1 BA 9E E1 BA 9E E1 BA 9E E1 BA 9E E1 BA 9E E1 BA 9E E1 BA 9E E1 BA 9E E1 BA 9E E1 BA 9E E1 BA 9E E1 BA 9E E1 BA 9E E1 BA 9E E1 BA 9E E1 BA 9E E1 BA 9E E1 BA 9E E1 BA 9E E1 BA 9E E1 BA 9E E1 BA 9E E1 BA 9E E1 BA 9E E1 BA 9E E1 BA 9E E1 BA 9E E1 BA 9E E1 BA 9E E1 BA 9E E1 BA 9E E1 BA 9E E1 BA 9E E1 BA 9E E1 BA 9E E1 BA 9E E1 BA 9E E1 BA 9E E1 BA 9E E1 BA 9E E1 BA 9E E1 BA 9E E1 BA 9E E1 BA 9E E1 BA 9E E1 BA 9E E1 BA 9E E1 BA 9E E1 BA 9E E1 BA 9E E1 BA 9E E1 BA 9E E1 BA 9E E1 BA 9E E1 BA 9E E1 BA 9E E1 BA 9E E1 BA 9E E1 BA 9E E1 BA 9E E1 BA 9E E1 BA 9E E1 BA 9E E1 BA 9E E1 BA 9E E1 BA 9E E1 BA 9E E1 BA 9E E1 BA 9E E1 BA 9E E1 BA 9E E1 BA 9E E1 BA 9E E1 BA 9E E1 BA 9E E1 BA 9E E1 BA 9E E1 BA 9E E1 BA 9E E1 BA 9E E1 BA 9E E1 BA 9E E1 BA 9E E1 BA 9E E1 BA 9E E1 BA 9E E1 BA 9E E1 BA 9E E1 BA 9E E1 BA 9E E1 BA 9E E1 BA 9E E1 BA 9E E1 BA 9E E1 BA 9E E1 BA 9E E1 BA 9E E1 BA 9E E1 BA 9E E1 BA 9E E1 BA 9E E1 BA 9E E1 BA 9E E1 BA 9E E1 BA 9E E1 BA 9E E1 BA 9E E1 BA 9E E1 BA 9E E1 BA 9E E1 BA 9E E1 BA 9E E1 BA 9E E1 BA 9E E1 BA 9E E1 BA 9E E1 BA 9E E1 BA 9E E1 BA 9E E1 BA 9E E1 BA 9E E1 BA 9E E1 BA 9E E1 BA 9E E1 BA 9E E1 BA 9E E1 BA 9E E1 BA 9E E1 BA 9E E1 BA 9E E1 BA 9E E1 BA 9E E1 BA 9E E1 BA 9E E1 BA 9E E1 BA 9E E1 BA 9E E1 BA 9E E1 BA 9E E1 BA 9E E1 BA 9E E1 BA 9E E1 BA 9E E1 BA 9E E1 BA 9E E1 BA 9E E1 BA 9E E1 BA 9E E1 BA 9E E1 BA 9E E1 BA 9E E1 BA 9E E1 BA 9E E1 BA 9E E1 BA 9E E1 BA 9E E1 BA 9E E1 BA 9E E1 BA 9E E1 BA 9E E1 BA 9E E1 BA 9E E1 BA 9E E1 BA 9E E1 BA 9E E1 BA 9E E1 BA 9E E1 BA 9E E1 BA 9E E1 BA 9E E1 BA 9E E1 BA 9E E1 BA 9E E1 BA 9E E1 BA 9E E1 BA 9E E1 BA 9E E1 BA 9E	F,F,F,F,F,F,F,F,F,F,F,F,F,F,F,F,F,F,F,F,F,F,F,F,F,F,F,F,F,F,F,F,F,F,F,F,F,F,F,F,F,F,F,F,F,F,F,F,F,F,F,F,F,F,F,F,F,F,F,F,F,F,F,F,F,F,F,F,F,F,F,F,F,F,F,F,F,F,F,F,F,F,F,F,F,F,F,F,F,F,F,F,F,F,F,F,F,F,F,F,F,F,F,F,F,F,F,F,F,F,F,F,F,F,F,F,F,F,F,F,F,F,F,F,F,F,F,F,F,F,F,F,F,F,F,F,F,F,F,F,F,F,F,F,F,F,F,F,F,F,F,F,F,F,F,F,F,F,F,F,F,F,F,F,F,F,F,F,F,F,F,F,F,F,F,F,F,F,F,F,F,F,F,F,F,F,F,F,F,F,F,F,F,F,F,F,F,F,F,F,F,F,F,F,F,F,F,F,F,F,F,F,F,F,F,F,F,F,F,F,F,F,F,F,F,F,F,F,F,F,F,F,F,F,F,F,F,F,F,F,F,F,F,F,F,F,F,F,F,F,F,F,F,F,F,F	U+0073 U+0073 U+0073 U+0073 U+0073 U+0073 U+0073 U+0073 U+0073 U+0073 U+0073 U+0073 U+0073 U+0073 U+0073 U+0073 U+0073 U+0073 U+0073 U+0073 U+0073 U+0073 U+0073 U+0073 U+0073 U+0073 U+0073 U+0073 U+0073 U+0073 U+0073 U+0073 U+0073 U+0073 U+0073 U+0073 U+0073 U+0073 U+0073 U+0073 U+0073 U+0073 U+0073 U+0073 U+0073 U+0073 U+0073 U+0073 U+0073 U+0073 U+0073 U+0073 U+0073 U+0073 U+0073 U+0073 U+0073 U+0073 U+0073 U+0073 U+0073 U+0073 U+0073 U+0073 U+0073 U+0073 U+0073 U+0073 U+0073 U+0073 U+0073 U+0073 U+0073 U+0073 U+0073 U+0073 U+0073 U+0073 U+0073 U+0073 U+0073 U+0073 U+0073 U+0073 U+0073 U+0073 U+0073 U+0073 U+0073 U+0073 U+0073 U+0073 U+0073 U+0073 U+0073 U+0073 U+0073 U+0073 U+0073 U+0073 U+0073 U+0073 U+0073 U+0073 U+0073 U+0073 U+0073 U+0073 U+0073 U+0073 U+0073 U+0073 U+0073 U+0073 U+0073 U+0073 U+0073 U+0073 U+0073 U+0073 U+0073 U+0073 U+0073 U+0073 U+0073 U+0073 U+0073 U+0073 U+0073 U+0073 U+0073 U+0073 U+0073 U+0073 U+0073 U+0073 U+0073 U+0073 U+0073 U+0073 U+0073 U+0073 U+0073 U+0073 U+0073 U+0073 U+0073 U+0073 U+0073 U+0073 U+0073 U+0073 U+0073 U+0073 U+0073 U+0073 U+0073 U+0073 U+0073 U+0073 U+0073 U+0073 U+0073 U+0073 U+0073 U+0073 U+0073 U+0073 U+0073 U+0073 U+0073 U+0073 U+0073 U+0073 U+0073 U+0073 U+0073 U+0073 U+0073 U+0073 U+0073 U+0073 U+0073 U+0073 U+0073 U+0073 U+0073 U+0073 U+0073 U+0073 U+0073 U+0073 U+0073 U+0073 U+0073 U+0073 U+0073 U+0073 U+0073 U+0073 U+0073 U+0073 U+0073 U+0073 U+0073 U+0073 U+0073 U+0073 U+0073 U+0073 U+0073 U+0073 U+0073 U+0073 U+0073 U+0073 U+0073 U+0073 U+0073 U+0073 U+0073 U+0073 U+0073 U+0073 U+0073 U+0073 U+0073 U+0073 U+0073 U+0073 U+0073 U+0073 U+0073 U+0073 U+0073 U+0073 U+0073 U+0073 U+0073 U+0073 U+0073 U+0073 U+0073 U+0073 U+0073 U+0073 U+0073 U+0073 U+0073 U+0073 U+0073 U+0073 U+0073 U+0073 U+0073 U+0073 U+0073 U+0073 U+0073 U+0073 U+0073 U+0073 U+0073 U+0073 U+0073 U+0073 U+0073 U+0073 U+0073 U+0073 U+0073 U+0073 U+0073 U+0073 U+0073 U+0073 U+0073 U+0073 U+0073 U+0073 U+0073 U+0073 U+0073 U+0073 U+0073 U+0073 U+0073 U+0073 U+0073 U+0073 U+0073 U+0073 U+0073 U+0073 U+0073 U+0073 U+0073 U+0073 U+0073 U+0073 U+0073 U+0073 U+0073 U+0073 U+0073 U+0073 U+0073 U+0073 U+0073 U+0073 U+0073 U+0073 U+0073 U+0073 U+0073 U+0073 U+0073 U+0073 U+0073 U+0073 U+0073 U+0073 U+0073 U+0073 U+0073 U+0073 U+0073 U+0073 U+0073 U+0073 U+0073 U+0073 U+0073 U+0073 U+0073 U+0073 U+0073 U+0073 U+0073 U+0073 U+0073 U+0073 U+0073 U+0073 U+0073 U+0073 U+0073 U+0073 U+0073 U+0073 U+0073 U+0073 U+0073 U+0073 U+0073 U+0073 U+0073 U+0073 U+0073 U+0073 U+0073 U+0073 U+0073 U+0073 U+0073 U+0073 U+0073 U+0073 U+0073 U+0073 U+0073 U+0073 U+0073 U+0073 U+0073 U+0073 U+0073 U+0073 U+0073 U+0073 U+0073 U+0073 U+0073 U+0073 U+0073 U+0073 U+0073 U+0073 U+0073 U+0073 U+0073 U+0073 U+0073 U+0073 U+0073 U+0073 U+0073 U+0073 U+0073 U+0073 U+0073 U+0073 U+0073 U+0073 U+0073 U+0073 U+0073 U+0073 U+0073 U+0073 U+0073 U+0073 U+0073 U+0073 U+0073 U+0073 U+0073 U+0073 U+0073 U+0073 U+0073 U+0073 U+0073 U+0073 U+0073 U+0073 U+0073 U+0073 U+0073 U+0073 U+0073 U+0073 U+0073 U+0073 U+0073 U+0073 U+0073 U+0073 U+0073 U+0073 U+0073 U+0073 U+0073 U+0073 U+0073 U+0073 U+0073 U+0073 U+0073 U+0073 U+0073 U+0073 U+0073 U+0073 U+0073 U+0073 U+0073 U+0073 U+0073 U+0073 U+0073 U+0073 U+0073 U+0073 U+0073 U+0073 U+0073 U+0073 U+0073 U+0073 U+0073 U+0073 U+0073 U+0073 U+0073 U+0073 U+0073 U+0073 U+0073 U+0073 U+0073 U+0073 U+0073 U+0073 U+0073 U+0073 U+0073 U+0073 U+0073 U+0073 U+0073 U+0073 U+0073 U+0073 U+0073 U+0073 U+0073 U+0073 U+0073 U+0073 U+0073 U+0073 U+0073 U+0073 U+0073 U+0073 U+0073 U+0073 U+0073 U+0073 U+0073 U+0073	73 73 73 73 73 73 73 73 73 73 73 73 73 73 73 73 73 73 73 73 73 73 73 73 73 73 73 73 73 73 73 73 73 73 73 73 73 73 73 73 73 73 73 73 73 73 73 73 73 73 73 73 73 73 73 73 73 73 73 73 73 73 73 73 73 73 73 73 73 73 73 73 73 73 73 73 73 73 73 73 73 73 73 73 73 73 73 73 73 73 73 73 73 73 73 73 73 73 73 73 73 73 73 73 73 73 73 73 73 73 73 73 73 73 73 73 73 73 73 73 73 73 73 73 73 73 73 73 73 73 73 73 73 73 73 73 73 73 73 73 73 73 73 73 73 73 73 73 73 73 73 73 73 73 73 73 73 73 73 73 73 73 73 73 73 73 73 73 73 73 73 73 73 73 73 73 73 73 73 73 73 73 73 73 73 73 73 73 73 73 73 73 73 73 73 73 73 73 73 73 73 73 73 73 73 73 73 73 73 73 73 73 73 73 73 73 73 73 73 73 73 73 73 73 73 73 73 73 73 73 73 73 73 73 73 73 73 73 73 73 73 73 73 73 73 73 73 73 73 73 73 73 73 73 73 73 73 73 73 73 73 73 73 73 73 73 73 73 73 73 73 73 73 73 73 73 73 73 73 73 73 73 73 73 73 73 73 73 73 73 73 73 73 73 73 73 73 73 73 73 73 73 73 73 73 73 73 73 73 73 73 73 73 73 73 73 73 73 73 73 73 73 73 73 73 73 73 73 73 73 73 73 73 73 73 73 73 73 73 73 73 73 73 73 73 73 73 73 73 73 73 73 73 73 73 73 73 73 73 73 73 73 73 73 73 73 73 73 73 73 73 73 73 73 73 73 73 73 73 73 73 73 73 73 73 73 73 73 73 73 73 73 73 73 73 73 73 73 73 73 73 73 73 73 73 73 73 73 73 73 73 73 73 73 73 73 73 73 73 73 73 73 73 73 73 73 73 73 73 73 73 73 73 73 73 73 73 73 73 73 73 73 73 73 73 73 73 73 73 73 73 73 73 73 73 73 73 73 73 73 73 73 73 73 73 73 73 73 73 73 73 73 73 73 73 73 73 73 73 73 73 73 73 73 73 73 73 73 73 73 73 73 73 73 73 73 73 73 73 73 73 73 73 73 73 73 73 73 73 73 73 73	F,F,F,F,F,F,F,F,F,F,F,F,F,F,F,F,F,F,F,F,F,F,F,F,F,F,F,F,F,F,F,F,F,F,F,F,F,F,F,F,F,F,F,F,F,F,F,F,F,F,F,F,F,F,F,F,F,F,F,F,F,F,F,F,F,F,F,F,F,F,F,F,F,F,F,F,F,F,F,F,F,F,F,F,F,F,F,F,F,F,F,F,F,F,F,F,F,F,F,F,F,F,F,F,F,F,F,F,F,F,F,F,F,F,F,F,F,F,F,F,F,F,F,F,F,F,F,F,F,F,F,F,F,F,F,F,F,F,F,F,F,F,F,F,F,F,F,F,F,F,F,F,F,F,F,F,F,F,F,F,F,F,F,F,F,F,F,F,F,F,F,F,F,F,F,F,F,F,F,F,F,F,F,F,F,F,F,F,F,F,F,F,F,F,F,F,F,F,F,F,F,F,F,F,F,F,F,F,F,F,F,F,F,F,F,F,F,F,F,F,F,F,F,F,F,F,F,F,F,F,F,F,F,F,F,F,F,F,F,F,F,F,F,F,F,F,F,F,F,F,F,F,F,F,F,F	U+0073 U+0073 U+0073 U+0073 U+0073 U+0073 U+0073 U+0073 U+0073 U+0073 U+0073 U+0073 U+0073 U+0073 U+0073 U+0073 U+0073 U+0073 U+0073 U+0073 U+0073 U+0073 U+0073 U+0073 U+0073 U+0073 U+0073 U+0073 U+0073 U+0073 U+0073 U+0073 U+0073 U+0073 U+0073 U+0073 U+0073 U+0073 U+0073 U+0073 U+0073 U+0073 U+0073 U+0073 U+0073 U+0073 U+0073 U+0073 U+0073 U+0073 U+0073 U+0073 U+0073 U+0073 U+0073 U+0073 U+0073 U+0073 U+0073 U+0073 U+0073 U+0073 U+0073 U+0073 U+0073 U+0073 U+0073 U+0073 U+0073 U+0073 U+0073 U+0073 U+0073 U+0073 U+0073 U+0073 U+0073 U+0073 U+0073 U+0073 U+0073 U+0073 U+0073 U+0073 U+0073 U+0073 U+0073 U+0073 U+0073 U+0073 U+0073 U+0073 U+0073 U+0073 U+0073 U+0073 U+0073 U+0073 U+0073 U+0073 U+0073 U+0073 U+0073 U+0073 U+0073 U+0073 U+0073 U+0073 U+0073 U+0073 U+0073 U+0073 U+0073 U+0073 U+0073 U+0073 U+0073 U+0073 U+0073 U+0073 U+0073 U+0073 U+0073 U+0073 U+0073 U+0073 U+0073 U+0073 U+0073 U+0073 U+0073 U+0073 U+0073 U+0073 U+0073 U+0073 U+0073 U+0073 U+0073 U+0073 U+0073 U+0073 U+0073 U+0073 U+0073 U+0073 U+0073 U+0073 U+0073 U+0073 U+0073 U+0073 U+0073 U+0073 U+0073 U+0073 U+0073 U+0073 U+0073 U+0073 U+0073 U+0073 U+0073 U+0073 U+0073 U+0073 U+0073 U+0073 U+0073 U+0073 U+0073 U+0073 U+0073 U+0073 U+0073 U+0073 U+0073 U+0073 U+0073 U+0073 U+0073 U+0073 U+0073 U+0073 U+0073 U+0073 U+0073 U+0073 U+0073 U+0073 U+0073 U+0073 U+0073 U+0073 U+0073 U+0073 U+0073 U+0073 U+0073 U+0073 U+0073 U+0073 U+0073 U+0073 U+0073 U+0073 U+0073 U+0073 U+0073 U+0073 U+0073 U+0073 U+0073 U+0073 U+0073 U+0073 U+0073 U+0073 U+0073 U+0073 U+0073 U+0073 U+0073 U+0073 U+0073 U+0073 U+0073 U+0073 U+0073 U+0073 U+0073 U+0073 U+0073 U+0073 U+0073 U+0073 U+0073 U+0073 U+0073 U+0073 U+0073 U+0073 U+0073 U+0073 U+0073 U+0073 U+0073 U+0073 U+0073 U+0073 U+0073 U+0073 U+0073 U+0073 U+0073 U+0073 U+0073 U+0073 U+0073 U+0073 U+0073 U+0073 U+0073 U+0073 U+0073 U+0073 U+0073 U+0073 U+0073 U+0073 U+0073 U+0073 U+0073 U+0073 U+0073 U+0073 U+0073 U+0073 U+0073 U+0073 U+0073 U+0073 U+0073 U+0073 U+0073 U+0073 U+0073 U+0073 U+0073 U+0073 U+0073 U+0073 U+0073 U+0073 U+0073 U+0073 U+0073 U+0073 U+0073 U+0073 U+0073 U+0073 U+0073 U+0073 U+0073 U+0073 U+0073 U+0073 U+0073 U+0073 U+0073 U+0073 U+0073 U+0073 U+0073 U+0073 U+0073 U+0073 U+0073 U+0073 U+0073 U+0073 U+0073 U+0073 U+0073 U+0073 U+0073 U+0073 U+0073 U+0073 U+0073 U+0073 U+0073 U+0073 U+0073 U+0073 U+0073 U+0073 U+0073 U+0073 U+0073 U+0073 U+0073 U+0073 U+0073 U+0073 U+0073 U+0073 U+0073 U+0073 U+0073 U+0073 U+0073 U+0073 U+0073 U+0073 U+0073 U+0073 U+0073 U+0073 U+0073 U+0073 U+0073 U+0073 U+0073 U+0073 U+0073 U+0073 U+0073 U+0073 U+0073 U+0073 U+0073 U+0073 U+0073 U+0073 U+0073 U+0073 U+0073 U+0073 U+0073 U+0073 U+0073 U+0073 U+0073 U+0073 U+0073 U+0073 U+0073 U+0073 U+0073 U+0073 U+0073 U+0073 U+0073 U+0073 U+0073 U+0073 U+0073 U+0073 U+0073 U+0073 U+0073 U+0073 U+0073 U+0073 U+0073 U+0073 U+0073 U+0073 U+0073 U+0073 U+0073 U+0073 U+0073 U+0073 U+0073 U+0073 U+0073 U+0073 U+0073 U+0073 U+0073 U+0073 U+0073 U+0073 U+0073 U+0073 U+0073 U+0073 U+0073 U+0073 U+0073 U+0073 U+0073 U+0073 U+0073 U+0073 U+0073 U+0073 U+0073 U+0073 U+0073 U+0073 U+0073 U+0073 U+0073 U+0073 U+0073 U+0073 U+0073 U+0073 U+0073 U+0073 U+0073 U+0073 U+0073 U+0073 U+0073 U+0073 U+0073 U+0073 U+0073 U+0073 U+0073 U+0073 U+0073 U+0073 U+0073 U+0073 U+0073 U+0073 U+0073 U+0073 U+0073 U+0073 U+0073 U+0073 U+0073 U+0073 U+0073 U+0073 U+0073 U+0073 U+0073 U+0073 U+0073 U+0073 U+0073 U+0073 U+0073 U+0073 U+0073 U+0073 U+0073 U+0073 U+0073 U+0073 U+0073 U+0073 U+0073 U+0073 U+0073 U+0073 U+0073 U+0073 U+0073 U+0073 U+0073 U+0073 U+0073 U+0073	73 73 73 73 73 73 73 73 73 73 73 73 73 73 73 73 73 73 73 73 73 73 73 73 73 73 73 73 73 73 73 73 73 73 73 73 73 73 73 73 73 73 73 73 73 73 73 73 73 73 73 73 73 73 73 73 73 73 73 73 73 73 73 73 73 73 73 73 73 73 73 73 73 73 73 73 73 73 73 73 73 73 73 73 73 73 73 73 73 73 73 73 73 73 73 73 73 73 73 73 73 73 73 73 73 73 73 73 73 73 73 73 73 73 73 73 73 73 73 73 73 73 73 73 73 73 73 73 73 73 73 73 73 73 73 73 73 73 73 73 73 73 73 73 73 73 73 73 73 73 73 73 73 73 73 73 73 73 73 73 73 73 73 73 73 73 73 73 73 73 73 73 73 73 73 73 73 73 73 73 73 73 73 73 73 73 73 73 73 73 73 73 73 73 73 73 73 73 73 73 73 73 73 73 73 73 73 73 73 73 73 73 73 73 73 73 73 73 73 73 73 73 73 73 73 73 73 73 73 73 73 73 73 73 73 73 73 73 73 73 73 73 73 73 73 73 73 73 73 73 73 73 73 73 73 73 73 73 73 73 73 73 73 73 73 73 73 73 73 73 73 73 73 73 73 73 73 73 73 73 73 73 73 73 73 73 73 73 73 73 73 73 73 73 73 73 73 73 73 73 73 73 73 73 73 73 73 73 73 73 73 73 73 73 73 73 73 73 73 73 73 73 73 73 73 73 73 73 73 73 73 73 73 73 73 73 73 73 73 73 73 73 73 73 73 73 73 73 73 73 73 73 73 73 73 73 73 73 73 73 73 73 73 73 73 73 73 73 73 73 73 73 73 73 73 73 73 73 73 73 73 73 73 73 73 73 73 73 73 73 73 73 73 73 73 73 73 73 73 73 73 73 73 73 73 73 73 73 73 73 73 73 73 73 73 73 73 73 73 73 73 73 73 73 73 73 73 73 73 73 73 73 73 73 73 73 73 73 73 73 73 73 73 73 73 73 73 73 73 73 73 73 73 73 73 73 73 73 73 73 73 73 73 73 73 73 73 73 73 73 73 73 73 73 73 73 73 73 73 73 73 73 73 73 73 73 73 73 73 73 73 73 73 73 73 73 73 73 73 73 73 73 73 73 73 73 73 73 73 73 73 73	0	768	512	512	512	1024	ACCEPT
g39	U+1E9E U+1E9E U+1E9E U+1E9E U+1E9E U+1E9E U+1E9E U+1E9E U+1E9E U+1E9E U+1E9E U+1E9E U+1E9E U+1E9E U+1E9E U+1E9E U+1E9E U+1E9E U+1E9E U+1E9E U+1E9E U+1E9E U+1E9E U+1E9E U+1E9E U+1E9E U+1E9E U+1E9E U+1E9E U+1E9E U+1E9E U+1E9E U+1E9E U+1E9E U+1E9E U+1E9E U+1E9E U+1E9E U+1E9E U+1E9E U+1E9E U+1E9E U+1E9E U+1E9E U+1E9E U+1E9E U+1E9E U+1E9E U+1E9E U+1E9E U+1E9E U+1E9E U+1E9E U+1E9E U+1E9E U+1E9E U+1E9E U+1E9E U+1E9E U+1E9E U+1E9E U+1E9E U+1E9E U+1E9E U+1E9E U+1E9E U+1E9E U+1E9E U+1E9E U+1E9E U+1E9E U+1E9E U+1E9E U+1E9E U+1E9E U+1E9E U+1E9E U+1E9E U+1E9E U+1E9E U+1E9E U+1E9E U+1E9E U+1E9E U+1E9E U+1E9E U+1E9E U+1E9E U+1E9E U+1E9E U+1E9E U+1E9E U+1E9E U+1E9E U+1E9E U+1E9E U+1E9E U+1E9E U+1E9E U+1E9E U+1E9E U+1E9E U+1E9E U+1E9E U+1E9E U+1E9E U+1E9E U+1E9E U+1E9E U+1E9E U+1E9E U+1E9E U+1E9E U+1E9E U+1E9E U+1E9E U+1E9E U+1E9E U+1E9E U+1E9E U+1E9E U+1E9E U+1E9E U+1E9E U+1E9E U+1E9E U+1E9E U+1E9E U+1E9E U+1E9E U+1E9E U+1E9E U+1E9E U+1E9E U+1E9E U+1E9E U+1E9E U+1E9E U+1E9E U+1E9E U+1E9E U+1E9E U+1E9E U+1E9E U+1E9E U+1E9E U+1E9E U+1E9E U+1E9E U+1E9E U+1E9E U+1E9E U+1E9E U+1E9E U+1E9E U+1E9E U+1E9E U+1E9E U+1E9E U+1E9E U+1E9E U+1E9E U+1E9E U+1E9E U+1E9E U+1E9E U+1E9E U+1E9E U+1E9E U+1E9E U+1E9E U+1E9E U+1E9E U+1E9E U+1E9E U+1E9E U+1E9E U+1E9E U+1E9E U+1E9E U+1E9E U+1E9E U+1E9E U+1E9E U+1E9E U+1E9E U+1E9E U+1E9E U+1E9E U+1E9E U+1E9E U+1E9E U+1E9E U+1E9E U+1E9E U+1E9E U+1E9E U+1E9E U+1E9E U+1E9E U+1E9E U+1E9E U+1E9E U+1E9E U+1E9E U+1E9E U+1E9E U+1E9E U+1E9E U+1E9E U+1E9E U+1E9E U+1E9E U+1E9E U+1E9E U+1E9E U+1E9E U+1E9E U+1E9E U+1E9E U+1E9E U+1E9E U+1E9E U+1E9E U+1E9E U+1E9E U+1E9E U+1E9E U+1E9E U+1E9E U+1E9E U+1E9E U+1E9E U+1E9E U+1E9E U+1E9E U+1E9E U+1E9E U+1E9E U+1E9E U+1E9E U+1E9E U+1E9E U+1E9E U+1E9E U+1E9E U+1E9E U+1E9E U+1E9E U+1E9E U+1E9E U+1E9E U+1E9E U+1E9E U+1E9E U+1E9E U+1E9E	E1 BA 9E E1 BA 9E E1 BA 9E E1 BA 9E E1 BA 9E E1 BA 9E E1 BA 9E E1 BA 9E E1 BA 9E E1 BA 9E E1 BA 9E E1 BA 9E E1 BA 9E E1 BA 9E E1 BA 9E E1 BA 9E E1 BA 9E E1 BA 9E E1 BA 9E E1 BA 9E E1 BA 9E E1 BA 9E E1 BA 9E E1 BA 9E E1 BA 9E E1 BA 9E E1 BA 9E E1 BA 9E E1 BA 9E E1 BA 9E E1 BA 9E E1 BA 9E E1 BA 9E E1 BA 9E E1 BA 9E E1 BA 9E E1 BA 9E E1 BA 9E E1 BA 9E E1 BA 9E E1 BA 9E E1 BA 9E E1 BA 9E E1 BA 9E E1 BA 9E E1 BA 9E E1 BA 9E E1 BA 9E E1 BA 9E E1 BA 9E E1 BA 9E E1 BA 9E E1 BA 9E E1 BA 9E E1 BA 9E E1 BA 9E E1 BA 9E E1 BA 9E E1 BA 9E E1 BA 9E E1 BA 9E E1 BA 9E E1 BA 9E E1 BA 9E E1 BA 9E E1 BA 9E E1 BA 9E E1 BA 9E E1 BA 9E E1 BA 9E E1 BA 9E E1 BA 9E E1 BA 9E E1 BA 9E E1 BA 9E E1 BA 9E E1 BA 9E E1 BA 9E E1 BA 9E E1 BA 9E E1 BA 9E E1 BA 9E E1 BA 9E E1 BA 9E E1 BA 9E E1 BA 9E E1 BA 9E E1 BA 9E E1 BA 9E E1 BA 9E E1 BA 9E E1 BA 9E E1 BA 9E E1 BA 9E E1 BA 9E E1 BA 9E E1 BA 9E E1 BA 9E E1 BA 9E E1 BA 9E E1 BA 9E E1 BA 9E E1 BA 9E E1 BA 9E E1 BA 9E E1 BA 9E E1 BA 9E E1 BA 9E E1 BA 9E E1 BA 9E E1 BA 9E E1 BA 9E E1 BA 9E E1 BA 9E E1 BA 9E E1 BA 9E E1 BA 9E E1 BA 9E E1 BA 9E E1 BA 9E E1 BA 9E E1 BA 9E E1 BA 9E E1 BA 9E E1 BA 9E E1 BA 9E E1 BA 9E E1 BA 9E E1 BA 9E E1 BA 9E E1 BA 9E E1 BA 9E E1 BA 9E E1 BA 9E E1 BA 9E E1 BA 9E E1 BA 9E E1 BA 9E E1 BA 9E E1 BA 9E E1 BA 9E E1 BA 9E E1 BA 9E E1 BA 9E E1 BA 9E E1 BA 9E E1 BA 9E E1 BA 9E E1 BA 9E E1 BA 9E E1 BA 9E E1 BA 9E E1 BA 9E E1 BA 9E E1 BA 9E E1 BA 9E E1 BA 9E E1 BA 9E E1 BA 9E E1 BA 9E E1 BA 9E E1 BA 9E E1 BA 9E E1 BA 9E E1 BA 9E E1 BA 9E E1 BA 9E E1 BA 9E E1 BA 9E E1 BA 9E E1 BA 9E E1 BA 9E E1 BA 9E E1 BA 9E E1 BA 9E E1 BA 9E E1 BA 9E E1 BA 9E E1 BA 9E E1 BA 9E E1 BA 9E E1 BA 9E E1 BA 9E E1 BA 9E E1 BA 9E E1 BA 9E E1 BA 9E E1 BA 9E E1 BA 9E E1 BA 9E E1 BA 9E E1 BA 9E E1 BA 9E E1 BA 9E E1 BA 9E E1 BA 9E E1 BA 9E E1 BA 9E E1 BA 9E E1 BA 9E E1 BA 9E E1 BA 9E E1 BA 9E E1 BA 9E E1 BA 9E E1 BA 9E E1 BA 9E E1 BA 9E E1 BA 9E E1 BA 9E E1 BA 9E E1 BA 9E E1 BA 9E E1 BA 9E E1 BA 9E E1 BA 9E E1 BA 9E E1 BA 9E E1 BA 9E E1 BA 9E E1 BA 9E E1 BA 9E E1 BA 9E E1 BA 9E E1 BA 9E E1 BA 9E E1 BA 9E E1 BA 9E E1 BA 9E E1 BA 9E E1 BA 9E E1 BA 9E E1 BA 9E E1 BA 9E E1 BA 9E E1 BA 9E E1 BA 9E E1 BA 9E E1 BA 9E E1 BA 9E E1 BA 9E E1 BA 9E E1 BA 9E E1 BA 9E E1 BA 9E E1 BA 9E E1 BA 9E E1 BA 9E E1 BA 9E E1 BA 9E E1 BA 9E E1 BA 9E E1 BA 9E E1 BA 9E E1 BA 9E E1 BA 9E E1 BA 9E	F,F,F,F,F,F,F,F,F,F,F,F,F,F,F,F,F,F,F,F,F,F,F,F,F,F,F,F,F,F,F,F,F,F,F,F,F,F,F,F,F,F,F,F,F,F,F,F,F,F,F,F,F,F,F,F,F,F,F,F,F,F,F,F,F,F,F,F,F,F,F,F,F,F,F,F,F,F,F,F,F,F,F,F,F,F,F,F,F,F,F,F,F,F,F,F,F,F,F,F,F,F,F,F,F,F,F,F,F,F,F,F,F,F,F,F,F,F,F,F,F,F,F,F,F,F,F,F,F,F,F,F,F,F,F,F,F,F,F,F,F,F,F,F,F,F,F,F,F,F,F,F,F,F,F,F,F,F,F,F,F,F,F,F,F,F,F,F,F,F,F,F,F,F,F,F,F,F,F,F,F,F,F,F,F,F,F,F,F,F,F,F,F,F,F,F,F,F,F,F,F,F,F,F,F,F,F,F,F,F,F,F,F,F,F,F,F,F,F,F,F,F,F,F,F,F,F,F,F,F,F,F,F,F,F,F,F,F,F,F,F,F,F,F,F,F,F,F,F,F,F,F,F,F,F,F,F	U+0073 U+0073 U+0073 U+0073 U+0073 U+0073 U+0073 U+0073 U+0073 U+0073 U+0073 U+0073 U+0073 U+0073 U+0073 U+0073 U+0073 U+0073 U+0073 U+0073 U+0073 U+0073 U+0073 U+0073 U+0073 U+0073 U+0073 U+0073 U+0073 U+0073 U+0073 U+0073 U+0073 U+0073 U+0073 U+0073 U+0073 U+0073 U+0073 U+0073 U+0073 U+0073 U+0073 U+0073 U+0073 U+0073 U+0073 U+0073 U+0073 U+0073 U+0073 U+0073 U+0073 U+0073 U+0073 U+0073 U+0073 U+0073 U+0073 U+0073 U+0073 U+0073 U+0073 U+0073 U+0073 U+0073 U+0073 U+0073 U+0073 U+0073 U+0073 U+0073 U+0073 U+0073 U+0073 U+0073 U+0073 U+0073 U+0073 U+0073 U+0073 U+0073 U+0073 U+0073 U+0073 U+0073 U+0073 U+0073 U+0073 U+0073 U+0073 U+0073 U+0073 U+0073 U+0073 U+0073 U+0073 U+0073 U+0073 U+0073 U+0073 U+0073 U+0073 U+0073 U+0073 U+0073 U+0073 U+0073 U+0073 U+0073 U+0073 U+0073 U+0073 U+0073 U+0073 U+0073 U+0073 U+0073 U+0073 U+0073 U+0073 U+0073 U+0073 U+0073 U+0073 U+0073 U+0073 U+0073 U+0073 U+0073 U+0073 U+0073 U+0073 U+0073 U+0073 U+0073 U+0073 U+0073 U+0073 U+0073 U+0073 U+0073 U+0073 U+0073 U+0073 U+0073 U+0073 U+0073 U+0073 U+0073 U+0073 U+0073 U+0073 U+0073 U+0073 U+0073 U+0073 U+0073 U+0073 U+0073 U+0073 U+0073 U+0073 U+0073 U+0073 U+0073 U+0073 U+0073 U+0073 U+0073 U+0073 U+0073 U+0073 U+0073 U+0073 U+0073 U+0073 U+0073 U+0073 U+0073 U+0073 U+0073 U+0073 U+0073 U+0073 U+0073 U+0073 U+0073 U+0073 U+0073 U+0073 U+0073 U+0073 U+0073 U+0073 U+0073 U+0073 U+0073 U+0073 U+0073 U+0073 U+0073 U+0073 U+0073 U+0073 U+0073 U+0073 U+0073 U+0073 U+0073 U+0073 U+0073 U+0073 U+0073 U+0073 U+0073 U+0073 U+0073 U+0073 U+0073 U+0073 U+0073 U+0073 U+0073 U+0073 U+0073 U+0073 U+0073 U+0073 U+0073 U+0073 U+0073 U+0073 U+0073 U+0073 U+0073 U+0073 U+0073 U+0073 U+0073 U+0073 U+0073 U+0073 U+0073 U+0073 U+0073 U+0073 U+0073 U+0073 U+0073 U+0073 U+0073 U+0073 U+0073 U+0073 U+0073 U+0073 U+0073 U+0073 U+0073 U+0073 U+0073 U+0073 U+0073 U+0073 U+0073 U+0073 U+0073 U+0073 U+0073 U+0073 U+0073 U+0073 U+0073 U+0073 U+0073 U+0073 U+0073 U+0073 U+0073 U+0073 U+0073 U+0073 U+0073 U+0073 U+0073 U+0073 U+0073 U+0073 U+0073 U+0073 U+0073 U+0073 U+0073 U+0073 U+0073 U+0073 U+0073 U+0073 U+0073 U+0073 U+0073 U+0073 U+0073 U+0073 U+0073 U+0073 U+0073 U+0073 U+0073 U+0073 U+0073 U+0073 U+0073 U+0073 U+0073 U+0073 U+0073 U+0073 U+0073 U+0073 U+0073 U+0073 U+0073 U+0073 U+0073 U+0073 U+0073 U+0073 U+0073 U+0073 U+0073 U+0073 U+0073 U+0073 U+0073 U+0073 U+0073 U+0073 U+0073 U+0073 U+0073 U+0073 U+0073 U+0073 U+0073 U+0073 U+0073 U+0073 U+0073 U+0073 U+0073 U+0073 U+0073 U+0073 U+0073 U+0073 U+0073 U+0073 U+0073 U+0073 U+0073 U+0073 U+0073 U+0073 U+0073 U+0073 U+0073 U+0073 U+0073 U+0073 U+0073 U+0073 U+0073 U+0073 U+0073 U+0073 U+0073 U+0073 U+0073 U+0073 U+0073 U+0073 U+0073 U+0073 U+0073 U+0073 U+0073 U+0073 U+0073 U+0073 U+0073 U+0073 U+0073 U+0073 U+0073 U+0073 U+0073 U+0073 U+0073 U+0073 U+0073 U+0073 U+0073 U+0073 U+0073 U+0073 U+0073 U+0073 U+0073 U+0073 U+0073 U+0073 U+0073 U+0073 U+0073 U+0073 U+0073 U+0073 U+0073 U+0073 U+0073 U+0073 U+0073 U+0073 U+0073 U+0073 U+0073 U+0073 U+0073 U+0073 U+0073 U+0073 U+0073 U+0073 U+0073 U+0073 U+0073 U+0073 U+0073 U+0073 U+0073 U+0073 U+0073 U+0073 U+0073 U+0073 U+0073 U+0073 U+0073 U+0073 U+0073 U+0073 U+0073 U+0073 U+0073 U+0073 U+0073 U+0073 U+0073 U+0073 U+0073 U+0073 U+0073 U+0073 U+0073 U+0073 U+0073 U+0073 U+0073 U+0073 U+0073 U+0073 U+0073 U+0073 U+0073 U+0073 U+0073 U+0073 U+0073 U+0073 U+0073 U+0073 U+0073 U+0073 U+0073 U+0073 U+0073 U+0073 U+0073 U+0073 U+0073 U+0073 U+0073 U+0073 U+0073 U+0073 U+0073 U+0073 U+0073 U+0073 U+0073 U+0073 U+0073 U+0073 U+0073 U+0073 U+0073 U+0073 U+0073 U+0073 U+0073 U+0073 U+0073	73 73 73 73 73 73 73 73 73 73 73 73 73 73 73 73 73 73 73 73 73 73 73 73 73 73 73 73 73 73 73 73 73 73 73 73 73 73 73 73 73 73 73 73 73 73 73 73 73 73 73 73 73 73 73 73 73 73 73 73 73 73 73 73 73 73 73 73 73 73 73 73 73 73 73 73 73 73 73 73 73 73 73 73 73 73 73 73 73 73 73 73 73 73 73 73 73 73 73 73 73 73 73 73 73 73 73 73 73 73 73 73 73 73 73 73 73 73 73 73 73 73 73 73 73 73 73 73 73 73 73 73 73 73 73 73 73 73 73 73 73 73 73 73 73 73 73 73 73 73 73 73 73 73 73 73 73 73 73 73 73 73 73 73 73 73 73 73 73 73 73 73 73 73 73 73 73 73 73 73 73 73 73 73 73 73 73 73 73 73 73 73 73 73 73 73 73 73 73 73 73 73 73 73 73 73 73 73 73 73 73 73 73 73 73 73 73 73 73 73 73 73 73 73 73 73 73 73 73 73 73 73 73 73 73 73 73 73 73 73 73 73 73 73 73 73 73 73 73 73 73 73 73 73 73 73 73 73 73 73 73 73 73 73 73 73 73 73 73 73 73 73 73 73 73 73 73 73 73 73 73 73 73 73 73 73 73 73 73 73 73 73 73 73 73 73 73 73 73 73 73 73 73 73 73 73 73 73 73 73 73 73 73 73 73 73 73 73 73 73 73 73 73 73 73 73 73 73 73 73 73 73 73 73 73 73 73 73 73 73 73 73 73 73 73 73 73 73 73 73 73 73 73 73 73 73 73 73 73 73 73 73 73 73 73 73 73 73 73 73 73 73 73 73 73 73 73 73 73 73 73 73 73 73 73 73 73 73 73 73 73 73 73 73 73 73 73 73 73 73 73 73 73 73 73 73 73 73 73 73 73 73 73 73 73 73 73 73 73 73 73 73 73 73 73 73 73 73 73 73 73 73 73 73 73 73 73 73 73 73 73 73 73 73 73 73 73 73 73 73 73 73 73 73 73 73 73 73 73 73 73 73 73 73 73 73 73 73 73 73 73 73 73 73 73 73 73 73 73 73 73 73 73 73 73 73 73 73 73 73 73 73 73 73 73 73 73 73 73 73 73 73 73 73 73 73 73 73 73 73 73 73 73 73	F,F,F,F,F,F,F,F,F,F,F,F,F,F,F,F,F,F,F,F,F,F,F,F,F,F,F,F,F,F,F,F,F,F,F,F,F,F,F,F,F,F,F,F,F,F,F,F,F,F,F,F,F,F,F,F,F,F,F,F,F,F,F,F,F,F,F,F,F,F,F,F,F,F,F,F,F,F,F,F,F,F,F,F,F,F,F,F,F,F,F,F,F,F,F,F,F,F,F,F,F,F,F,F,F,F,F,F,F,F,F,F,F,F,F,F,F,F,F,F,F,F,F,F,F,F,F,F,F,F,F,F,F,F,F,F,F,F,F,F,F,F,F,F,F,F,F,F,F,F,F,F,F,F,F,F,F,F,F,F,F,F,F,F,F,F,F,F,F,F,F,F,F,F,F,F,F,F,F,F,F,F,F,F,F,F,F,F,F,F,F,F,F,F,F,F,F,F,F,F,F,F,F,F,F,F,F,F,F,F,F,F,F,F,F,F,F,F,F,F,F,F,F,F,F,F,F,F,F,F,F,F,F,F,F,F,F,F,F,F,F,F,F,F,F,F,F,F,F,F,F,F,F,F,F,F,F	U+0073 U+0073 U+0073 U+0073 U+0073 U+0073 U+0073 U+0073 U+0073 U+0073 U+0073 U+0073 U+0073 U+0073 U+0073 U+0073 U+0073 U+0073 U+0073 U+0073 U+0073 U+0073 U+0073 U+0073 U+0073 U+0073 U+0073 U+0073 U+0073 U+0073 U+0073 U+0073 U+0073 U+0073 U+0073 U+0073 U+0073 U+0073 U+0073 U+0073 U+0073 U+0073 U+0073 U+0073 U+0073 U+0073 U+0073 U+0073 U+0073 U+0073 U+0073 U+0073 U+0073 U+0073 U+0073 U+0073 U+0073 U+0073 U+0073 U+0073 U+0073 U+0073 U+0073 U+0073 U+0073 U+0073 U+0073 U+0073 U+0073 U+0073 U+0073 U+0073 U+0073 U+0073 U+0073 U+0073 U+0073 U+0073 U+0073 U+0073 U+0073 U+0073 U+0073 U+0073 U+0073 U+0073 U+0073 U+0073 U+0073 U+0073 U+0073 U+0073 U+0073 U+0073 U+0073 U+0073 U+0073 U+0073 U+0073 U+0073 U+0073 U+0073 U+0073 U+0073 U+0073 U+0073 U+0073 U+0073 U+0073 U+0073 U+0073 U+0073 U+0073 U+0073 U+0073 U+0073 U+0073 U+0073 U+0073 U+0073 U+0073 U+0073 U+0073 U+0073 U+0073 U+0073 U+0073 U+0073 U+0073 U+0073 U+0073 U+0073 U+0073 U+0073 U+0073 U+0073 U+0073 U+0073 U+0073 U+0073 U+0073 U+0073 U+0073 U+0073 U+0073 U+0073 U+0073 U+0073 U+0073 U+0073 U+0073 U+0073 U+0073 U+0073 U+0073 U+0073 U+0073 U+0073 U+0073 U+0073 U+0073 U+0073 U+0073 U+0073 U+0073 U+0073 U+0073 U+0073 U+0073 U+0073 U+0073 U+0073 U+0073 U+0073 U+0073 U+0073 U+0073 U+0073 U+0073 U+0073 U+0073 U+0073 U+0073 U+0073 U+0073 U+0073 U+0073 U+0073 U+0073 U+0073 U+0073 U+0073 U+0073 U+0073 U+0073 U+0073 U+0073 U+0073 U+0073 U+0073 U+0073 U+0073 U+0073 U+0073 U+0073 U+0073 U+0073 U+0073 U+0073 U+0073 U+0073 U+0073 U+0073 U+0073 U+0073 U+0073 U+0073 U+0073 U+0073 U+0073 U+0073 U+0073 U+0073 U+0073 U+0073 U+0073 U+0073 U+0073 U+0073 U+0073 U+0073 U+0073 U+0073 U+0073 U+0073 U+0073 U+0073 U+0073 U+0073 U+0073 U+0073 U+0073 U+0073 U+0073 U+0073 U+0073 U+0073 U+0073 U+0073 U+0073 U+0073 U+0073 U+0073 U+0073 U+0073 U+0073 U+0073 U+0073 U+0073 U+0073 U+0073 U+0073 U+0073 U+0073 U+0073 U+0073 U+0073 U+0073 U+0073 U+0073 U+0073 U+0073 U+0073 U+0073 U+0073 U+0073 U+0073 U+0073 U+0073 U+0073 U+0073 U+0073 U+0073 U+0073 U+0073 U+0073 U+0073 U+0073 U+0073 U+0073 U+0073 U+0073 U+0073 U+0073 U+0073 U+0073 U+0073 U+0073 U+0073 U+0073 U+0073 U+0073 U+0073 U+0073 U+0073 U+0073 U+0073 U+0073 U+0073 U+0073 U+0073 U+0073 U+0073 U+0073 U+0073 U+0073 U+0073 U+0073 U+0073 U+0073 U+0073 U+0073 U+0073 U+0073 U+0073 U+0073 U+0073 U+0073 U+0073 U+0073 U+0073 U+0073 U+0073 U+0073 U+0073 U+0073 U+0073 U+0073 U+0073 U+0073 U+0073 U+0073 U+0073 U+0073 U+0073 U+0073 U+0073 U+0073 U+0073 U+0073 U+0073 U+0073 U+0073 U+0073 U+0073 U+0073 U+0073 U+0073 U+0073 U+0073 U+0073 U+0073 U+0073 U+0073 U+0073 U+0073 U+0073 U+0073 U+0073 U+0073 U+0073 U+0073 U+0073 U+0073 U+0073 U+0073 U+0073 U+0073 U+0073 U+0073 U+0073 U+0073 U+0073 U+0073 U+0073 U+0073 U+0073 U+0073 U+0073 U+0073 U+0073 U+0073 U+0073 U+0073 U+0073 U+0073 U+0073 U+0073 U+0073 U+0073 U+0073 U+0073 U+0073 U+0073 U+0073 U+0073 U+0073 U+0073 U+0073 U+0073 U+0073 U+0073 U+0073 U+0073 U+0073 U+0073 U+0073 U+0073 U+0073 U+0073 U+0073 U+0073 U+0073 U+0073 U+0073 U+0073 U+0073 U+0073 U+0073 U+0073 U+0073 U+0073 U+0073 U+0073 U+0073 U+0073 U+0073 U+0073 U+0073 U+0073 U+0073 U+0073 U+0073 U+0073 U+0073 U+0073 U+0073 U+0073 U+0073 U+0073 U+0073 U+0073 U+0073 U+0073 U+0073 U+0073 U+0073 U+0073 U+0073 U+0073 U+0073 U+0073 U+0073 U+0073 U+0073 U+0073 U+0073 U+0073 U+0073 U+0073 U+0073 U+0073 U+0073 U+0073 U+0073 U+0073 U+0073 U+0073 U+0073 U+0073 U+0073 U+0073 U+0073 U+0073 U+0073 U+0073 U+0073 U+0073 U+0073 U+0073 U+0073 U+0073 U+0073 U+0073 U+0073 U+0073 U+0073 U+0073 U+0073 U+0073 U+0073 U+0073 U+0073 U+0073 U+0073 U+0073 U+0073 U+0073 U+0073 U+0073 U+0073 U+0073 U+0073 U+0073	73 73 73 73 73 73 73 73 73 73 73 73 73 73 73 73 73 73 73 73 73 73 73 73 73 73 73 73 73 73 73 73 73 73 73 73 73 73 73 73 73 73 73 73 73 73 73 73 73 73 73 73 73 73 73 73 73 73 73 73 73 73 73 73 73 73 73 73 73 73 73 73 73 73 73 73 73 73 73 73 73 73 73 73 73 73 73 73 73 73 73 73 73 73 73 73 73 73 73 73 73 73 73 73 73 73 73 73 73 73 73 73 73 73 73 73 73 73 73 73 73 73 73 73 73 73 73 73 73 73 73 73 73 73 73 73 73 73 73 73 73 73 73 73 73 73 73 73 73 73 73 73 73 73 73 73 73 73 73 73 73 73 73 73 73 73 73 73 73 73 73 73 73 73 73 73 73 73 73 73 73 73 73 73 73 73 73 73 73 73 73 73 73 73 73 73 73 73 73 73 73 73 73 73 73 73 73 73 73 73 73 73 73 73 73 73 73 73 73 73 73 73 73 73 73 73 73 73 73 73 73 73 73 73 73 73 73 73 73 73 73 73 73 73 73 73 73 73 73 73 73 73 73 73 73 73 73 73 73 73 73 73 73 73 73 73 73 73 73 73 73 73 73 73 73 73 73 73 73 73 73 73 73 73 73 73 73 73 73 73 73 73 73 73 73 73 73 73 73 73 73 73 73 73 73 73 73 73 73 73 73 73 73 73 73 73 73 73 73 73 73 73 73 73 73 73 73 73 73 73 73 73 73 73 73 73 73 73 73 73 73 73 73 73 73 73 73 73 73 73 73 73 73 73 73 73 73 73 73 73 73 73 73 73 73 73 73 73 73 73 73 73 73 73 73 73 73 73 73 73 73 73 73 73 73 73 73 73 73 73 73 73 73 73 73 73 73 73 73 73 73 73 73 73 73 73 73 73 73 73 73 73 73 73 73 73 73 73 73 73 73 73 73 73 73 73 73 73 73 73 73 73 73 73 73 73 73 73 73 73 73 73 73 73 73 73 73 73 73 73 73 73 73 73 73 73 73 73 73 73 73 73 73 73 73 73 73 73 73 73 73 73 73 73 73 73 73 73 73 73 73 73 73 73 73 73 73 73 73 73 73 73 73 73 73 73 73 73 73 73 73 73 73 73 73 73 73 73 73 73 73 73 73 73	0	771	514	514	512	1024	TERM_TOO_LONG
